country,state,municipality,municipality - state,geocode,feature_id,class,class_level_0,class_level_1,class_level_2,2013,2023,urbanization_growth,total_eventos,total_afetados,populacao_total,percentual_afetados,municipality (Right),state (Right)
Brasil,Rio Grande do Sul,Aceguá,Aceguá - RS,4300034,4609,24,Antropic,4. Non vegetated area,4.2. Urban Area,76.7406649047854,93.811206494141,22.24445358993901,1,31,4394,0.705507510241238,Aceguá,RS
Brasil,Rio Grande do Sul,Agudo,Agudo - RS,4300109,4611,24,Antropic,4. Non vegetated area,4.2. Urban Area,294.640392333987,330.338806085202,12.115926627856712,2,32082,16729,191.7747623886664,Agudo,RS
Brasil,Rio Grande do Sul,Ajuricaba,Ajuricaba - RS,4300208,4612,24,Antropic,4. Non vegetated area,4.2. Urban Area,170.395539648441,195.753722747806,14.881952398333803,1,6720,7255,92.62577532736044,Ajuricaba,RS
Brasil,Rio Grande do Sul,Alecrim,Alecrim - RS,4300307,4613,24,Antropic,4. Non vegetated area,4.2. Urban Area,91.9597887512211,122.135594421388,32.8141311326862,1,510,7045,7.23917672107878,Alecrim,RS
Brasil,Rio Grande do Sul,Alegrete,Alegrete - RS,4300406,4614,24,Antropic,4. Non vegetated area,4.2. Urban Area,1482.57963692019,1559.71013513798,5.2024522863416305,2,1206,77673,1.5526630875593834,Alegrete,RS
Brasil,Rio Grande do Sul,Alegria,Alegria - RS,4300455,4615,24,Antropic,4. Non vegetated area,4.2. Urban Area,85.2397758361819,94.5172203124998,10.883938144262316,1,4301,4301,100.0,Alegria,RS
Brasil,Rio Grande do Sul,Alpestre,Alpestre - RS,4300505,4617,24,Antropic,4. Non vegetated area,4.2. Urban Area,87.0318853515627,111.899457843018,28.572944721355253,1,7117,8027,88.66326149246294,Alpestre,RS
Brasil,Rio Grande do Sul,Alto Alegre,Alto Alegre - RS,4300554,4618,24,Antropic,4. Non vegetated area,4.2. Urban Area,45.5103437866212,54.6281429931642,20.03456455809807,1,1848,1848,100.0,Alto Alegre,RS
Brasil,Rio Grande do Sul,Alto Feliz,Alto Feliz - RS,4300570,4619,24,Antropic,4. Non vegetated area,4.2. Urban Area,27.5087762084961,38.3716621826172,39.48880128940847,1,3072,2908,105.63961485557084,Alto Feliz,RS
Brasil,Rio Grande do Sul,Alvorada,Alvorada - RS,4300604,4620,24,Antropic,4. Non vegetated area,4.2. Urban Area,2704.88758679797,2821.70408507068,4.31871915279838,1,195718,195718,100.0,Alvorada,RS
Brasil,Rio Grande do Sul,Amaral Ferrador,Amaral Ferrador - RS,4300638,4621,24,Antropic,4. Non vegetated area,4.2. Urban Area,55.5943719726562,57.211404486084,2.9086262800542664,2,12710,6355,200.0,Amaral Ferrador,RS
Brasil,Rio Grande do Sul,Anta Gorda,Anta Gorda - RS,4300703,4624,24,Antropic,4. Non vegetated area,4.2. Urban Area,98.9326372619633,131.019857952881,32.433402746511355,2,12360,6073,203.52379384159397,Anta Gorda,RS
Brasil,Rio Grande do Sul,Antônio Prado,Antônio Prado - RS,4300802,4625,24,Antropic,4. Non vegetated area,4.2. Urban Area,260.525960955809,294.063487554934,12.873007540624211,3,12837,12837,100.0,Antônio Prado,RS
Brasil,Rio Grande do Sul,Arambaré,Arambaré - RS,4300851,4626,24,Antropic,4. Non vegetated area,4.2. Urban Area,291.277933715819,312.736985699462,7.367208257038521,4,1618,3693,43.8126184673707,Arambaré,RS
Brasil,Rio Grande do Sul,Araricá,Araricá - RS,4300877,4627,24,Antropic,4. Non vegetated area,4.2. Urban Area,112.662262377929,184.544832373047,63.803591795437,1,4881,4868,100.2670501232539,Araricá,RS
Brasil,Rio Grande do Sul,Aratiba,Aratiba - RS,4300901,4628,24,Antropic,4. Non vegetated area,4.2. Urban Area,104.355209240723,120.752024176026,15.712502571366027,1,150,6568,2.2838002436053593,Aratiba,RS
Brasil,Rio Grande do Sul,Arroio Grande,Arroio Grande - RS,4301305,4634,24,Antropic,4. Non vegetated area,4.2. Urban Area,408.089845776369,428.661246917723,5.040900025879855,4,5674,18469,30.721749959391413,Arroio Grande,RS
Brasil,Rio Grande do Sul,Arvorezinha,Arvorezinha - RS,4301404,4635,24,Antropic,4. Non vegetated area,4.2. Urban Area,214.153879083252,254.911337054445,19.031856039996637,1,4713,10229,46.07488513051129,Arvorezinha,RS
Brasil,Rio Grande do Sul,Augusto Pestana,Augusto Pestana - RS,4301503,4636,24,Antropic,4. Non vegetated area,4.2. Urban Area,185.950830041506,207.540506451419,11.61042217724651,1,7149,7097,100.73270395941948,Augusto Pestana,RS
Brasil,Rio Grande do Sul,Áurea,Áurea - RS,4301552,4637,24,Antropic,4. Non vegetated area,4.2. Urban Area,105.419836700439,120.978904559326,14.759146234593054,1,3665,3665,100.0,Áurea,RS
Brasil,Rio Grande do Sul,Bagé,Bagé - RS,4301602,4638,24,Antropic,4. Non vegetated area,4.2. Urban Area,3056.89750353403,3233.57210081187,5.779539453762818,1,116792,116792,100.0,Bagé,RS
Brasil,Rio Grande do Sul,Balneário Pinhal,Balneário Pinhal - RS,4301636,4639,24,Antropic,4. Non vegetated area,4.2. Urban Area,1027.15002562254,1036.21941067504,0.8829659568964449,1,4042,10855,37.23629663749424,Balneário Pinhal,RS
Brasil,Rio Grande do Sul,Barão,Barão - RS,4301651,4640,24,Antropic,4. Non vegetated area,4.2. Urban Area,67.446585699463,80.341847186279,19.119220570002355,1,81,5742,1.4106583072100314,Barão,RS
Brasil,Rio Grande do Sul,Barracão,Barracão - RS,4301800,4643,24,Antropic,4. Non vegetated area,4.2. Urban Area,151.335337634277,174.679079107665,15.425175532895954,1,90,9737,0.9243093355242888,Barracão,PR
Brasil,Rio Grande do Sul,Barracão,Barracão - RS,4301800,4643,24,Antropic,4. Non vegetated area,4.2. Urban Area,151.335337634277,174.679079107665,15.425175532895954,1,0,5355,0.0,Barracão,RS
Brasil,Rio Grande do Sul,Barra Funda,Barra Funda - RS,4301958,4648,24,Antropic,4. Non vegetated area,4.2. Urban Area,69.3184193603516,94.4316243041989,36.2287616705401,1,2550,2367,107.73130544993664,Barra Funda,RS
Brasil,Rio Grande do Sul,Barros Cassal,Barros Cassal - RS,4302006,4649,24,Antropic,4. Non vegetated area,4.2. Urban Area,127.810976159669,160.409812036134,25.505505752292063,3,10095,11133,90.67636755591484,Barros Cassal,RS
Brasil,Rio Grande do Sul,Bento Gonçalves,Bento Gonçalves - RS,4302105,4651,24,Antropic,4. Non vegetated area,4.2. Urban Area,2023.2638776794,2216.23379595945,9.537555650001462,4,845,107341,0.7872108513988131,Bento Gonçalves,RS
Brasil,Rio Grande do Sul,Bom Jesus,Bom Jesus - RS,4302303,4657,24,Antropic,4. Non vegetated area,4.2. Urban Area,307.504829278569,348.96949434205,13.484232153608913,2,14354,11556,124.21253028729664,Bom Jesus,RS
Brasil,Rio Grande do Sul,Bom Jesus,Bom Jesus - RS,4302303,4657,24,Antropic,4. Non vegetated area,4.2. Urban Area,307.504829278569,348.96949434205,13.484232153608913,1,39,2526,1.5439429928741093,Bom Jesus,SC
Brasil,Rio Grande do Sul,Bom Princípio,Bom Princípio - RS,4302352,4658,24,Antropic,4. Non vegetated area,4.2. Urban Area,265.236752154542,363.388285040284,37.00525364167986,1,703,11792,5.961668928086839,Bom Princípio,RS
Brasil,Rio Grande do Sul,Bom Progresso,Bom Progresso - RS,4302378,4659,24,Antropic,4. Non vegetated area,4.2. Urban Area,47.2155828491212,58.7411371215821,24.410488184147074,1,2328,2328,100.0,Bom Progresso,RS
Brasil,Rio Grande do Sul,Bossoroca,Bossoroca - RS,4302501,4662,24,Antropic,4. Non vegetated area,4.2. Urban Area,167.279751312257,182.146219018556,8.887189028962709,1,6887,6887,100.0,Bossoroca,RS
Brasil,Rio Grande do Sul,Bozano,Bozano - RS,4302584,4663,24,Antropic,4. Non vegetated area,4.2. Urban Area,41.4223311828612,55.0724600036622,32.95355049077693,1,2200,2200,100.0,Bozano,RS
Brasil,Rio Grande do Sul,Braga,Braga - RS,4302600,4664,24,Antropic,4. Non vegetated area,4.2. Urban Area,92.8686439331051,100.733334149169,8.468617482698427,1,3268,3702,88.27660723933009,Braga,RS
Brasil,Rio Grande do Sul,Brochier,Brochier - RS,4302659,4665,24,Antropic,4. Non vegetated area,4.2. Urban Area,58.2003769165039,81.68271730957,40.347402606609585,4,4971,4677,106.28608082103912,Brochier,RS
Brasil,Rio Grande do Sul,Butiá,Butiá - RS,4302709,4666,24,Antropic,4. Non vegetated area,4.2. Urban Area,540.935132934569,576.235341131593,6.525774727465141,2,2100,20405,10.291595197255576,Butiá,RS
Brasil,Rio Grande do Sul,Cacequi,Cacequi - RS,4302907,4668,24,Antropic,4. Non vegetated area,4.2. Urban Area,471.435807592776,479.757466107181,1.7651731965157076,2,13561,13685,99.09389842893678,Cacequi,RS
Brasil,Rio Grande do Sul,Cachoeirinha,Cachoeirinha - RS,4303103,4670,24,Antropic,4. Non vegetated area,4.2. Urban Area,2356.83553258671,2595.17299170538,10.112604626979891,2,272258,118294,230.15368488680744,Cachoeirinha,RS
Brasil,Rio Grande do Sul,Cacique Doble,Cacique Doble - RS,4303202,4671,24,Antropic,4. Non vegetated area,4.2. Urban Area,74.7284486145019,104.475095861817,39.8063224900703,2,4603,4865,94.61459403905448,Cacique Doble,RS
Brasil,Rio Grande do Sul,Caibaté,Caibaté - RS,4303301,4672,24,Antropic,4. Non vegetated area,4.2. Urban Area,104.696996813966,124.673415319825,19.080221127407025,1,4704,4954,94.95357287040775,Caibaté,RS
Brasil,Rio Grande do Sul,Caiçara,Caiçara - RS,4303400,4673,24,Antropic,4. Non vegetated area,4.2. Urban Area,75.6181097534181,98.0916108764648,29.71973406414176,1,5071,5071,100.0,Caiçara,RS
Brasil,Rio Grande do Sul,Camaquã,Camaquã - RS,4303509,4674,24,Antropic,4. Non vegetated area,4.2. Urban Area,1401.43597315065,1490.44590628053,6.351337830280721,3,63868,62759,101.7670772319508,Camaquã,RS
Brasil,Rio Grande do Sul,Camargo,Camargo - RS,4303558,4675,24,Antropic,4. Non vegetated area,4.2. Urban Area,76.2203278747562,107.164720129396,40.59860816328034,2,2981,2591,115.0521034349672,Camargo,RS
Brasil,Rio Grande do Sul,Campo Bom,Campo Bom - RS,4303905,4680,24,Antropic,4. Non vegetated area,4.2. Urban Area,1689.8868836974,1809.90727468861,7.102273658022041,1,9600,60081,15.978429120687071,Campo Bom,RS
Brasil,Rio Grande do Sul,Campo Novo,Campo Novo - RS,4304002,4681,24,Antropic,4. Non vegetated area,4.2. Urban Area,173.640470568848,189.599448699952,9.190817140049337,1,1200,5459,21.98204799413812,Campo Novo,RS
Brasil,Rio Grande do Sul,Campos Borges,Campos Borges - RS,4304101,4682,24,Antropic,4. Non vegetated area,4.2. Urban Area,119.037994287109,136.861208172608,14.972710177316165,2,30,3494,0.8586147681740127,Campos Borges,RS
Brasil,Rio Grande do Sul,Candelária,Candelária - RS,4304200,4683,24,Antropic,4. Non vegetated area,4.2. Urban Area,404.829838806152,478.701211071782,18.247511715904523,2,24453,30176,81.03459703075292,Candelária,RS
Brasil,Rio Grande do Sul,Cândido Godói,Cândido Godói - RS,4304309,4684,24,Antropic,4. Non vegetated area,4.2. Urban Area,82.767344128418,103.360050512696,24.88023096685005,2,6294,6535,96.31216526396328,Cândido Godói,RS
Brasil,Rio Grande do Sul,Candiota,Candiota - RS,4304358,4685,24,Antropic,4. Non vegetated area,4.2. Urban Area,490.897180493165,522.651181604007,6.468564573734413,4,11510,8776,131.1531449407475,Candiota,RS
Brasil,Rio Grande do Sul,Canela,Canela - RS,4304408,4686,24,Antropic,4. Non vegetated area,4.2. Urban Area,805.687789636228,885.106235778802,9.85722350073492,3,130540,39238,332.68770069830265,Canela,RS
Brasil,Rio Grande do Sul,Canguçu,Canguçu - RS,4304507,4687,24,Antropic,4. Non vegetated area,4.2. Urban Area,528.453205957028,554.954372235106,5.014855805460475,5,92252,53268,173.1846511977172,Canguçu,RS
Brasil,Rio Grande do Sul,Canoas,Canoas - RS,4304606,4688,24,Antropic,4. Non vegetated area,4.2. Urban Area,6605.67181545412,6949.78463410048,5.20935384409046,4,203625,324025,62.84237327366715,Canoas,RS
Brasil,Rio Grande do Sul,Capitão,Capitão - RS,4304697,4696,24,Antropic,4. Non vegetated area,4.2. Urban Area,37.1611144226074,60.553354876709,62.94816723760754,1,2944,2636,111.68437025796662,Capitão,RS
Brasil,Rio Grande do Sul,Carazinho,Carazinho - RS,4304705,4697,24,Antropic,4. Non vegetated area,4.2. Urban Area,1927.47165995488,2080.08941021122,7.918028234973526,1,4200,59301,7.0825112561339605,Carazinho,RS
Brasil,Rio Grande do Sul,Caraá,Caraá - RS,4304713,4698,24,Antropic,4. Non vegetated area,4.2. Urban Area,12.7670212402344,20.4739643920898,60.3660243594449,2,14626,7313,200.0,Caraá,RS
Brasil,Rio Grande do Sul,Carlos Barbosa,Carlos Barbosa - RS,4304804,4699,24,Antropic,4. Non vegetated area,4.2. Urban Area,610.232388989261,703.545650427254,15.291430465129755,2,136,25193,0.53983249315286,Carlos Barbosa,RS
Brasil,Rio Grande do Sul,Carlos Gomes,Carlos Gomes - RS,4304853,4700,24,Antropic,4. Non vegetated area,4.2. Urban Area,19.7633111267089,23.7318086120604,20.08012452927648,1,1355,1607,84.31860609831985,Carlos Gomes,RS
Brasil,Rio Grande do Sul,Casca,Casca - RS,4304903,4701,24,Antropic,4. Non vegetated area,4.2. Urban Area,255.952557397454,354.632696142578,38.5540741411266,1,3500,8648,40.47178538390379,Casca,RS
Brasil,Rio Grande do Sul,Catuípe,Catuípe - RS,4305009,4703,24,Antropic,4. Non vegetated area,4.2. Urban Area,210.416294647213,231.663155346672,10.097535808755593,1,9323,9323,100.0,Catuípe,RS
Brasil,Rio Grande do Sul,Centenário,Centenário - RS,4305116,4705,24,Antropic,4. Non vegetated area,4.2. Urban Area,53.3136639221191,81.0011928894045,51.93326987942811,2,5934,2967,200.0,Centenário,RS
Brasil,Rio Grande do Sul,Cerrito,Cerrito - RS,4305124,4706,24,Antropic,4. Non vegetated area,4.2. Urban Area,155.510623461915,164.963289331055,6.078469533918997,2,2601,6404,40.61524047470331,Cerrito,RS
Brasil,Rio Grande do Sul,Cerro Branco,Cerro Branco - RS,4305132,4707,24,Antropic,4. Non vegetated area,4.2. Urban Area,44.2705222290038,51.3635604003905,16.022034108149047,3,7602,4454,170.67804220925012,Cerro Branco,RS
Brasil,Rio Grande do Sul,Cerro Grande,Cerro Grande - RS,4305157,4708,24,Antropic,4. Non vegetated area,4.2. Urban Area,43.9335568725589,57.2799601745609,30.378608635574007,2,2567,2417,106.20604054613156,Cerro Grande,RS
Brasil,Rio Grande do Sul,Cerro Largo,Cerro Largo - RS,4305207,4710,24,Antropic,4. Non vegetated area,4.2. Urban Area,428.756658636484,480.072255541998,11.96846646503542,2,14005,13289,105.38791481676574,Cerro Largo,RS
Brasil,Rio Grande do Sul,Chapada,Chapada - RS,4305306,4711,24,Antropic,4. Non vegetated area,4.2. Urban Area,195.430086608887,242.114463372806,23.888019277885373,1,9478,9377,101.0771035512424,Chapada,RS
Brasil,Rio Grande do Sul,Charqueadas,Charqueadas - RS,4305355,4712,24,Antropic,4. Non vegetated area,4.2. Urban Area,1143.34360689694,1225.01305360105,7.14303611018237,1,6915,35363,19.5543364533552,Charqueadas,RS
Brasil,Rio Grande do Sul,Charrua,Charrua - RS,4305371,4713,24,Antropic,4. Non vegetated area,4.2. Urban Area,31.2838386840821,34.7686338195803,11.139282396540878,2,2968,3471,85.50849899164506,Charrua,RS
Brasil,Rio Grande do Sul,Chiapetta,Chiapetta - RS,4305405,4714,24,Antropic,4. Non vegetated area,4.2. Urban Area,132.303485809325,140.780471923827,6.4072280958031556,1,4044,4044,100.0,Chiapetta,RS
Brasil,Rio Grande do Sul,Chuí,Chuí - RS,4305439,4715,24,Antropic,4. Non vegetated area,4.2. Urban Area,189.41992229004,213.546045098878,12.736845479165629,1,6262,5919,105.7948977867883,Chuí,RS
Brasil,Rio Grande do Sul,Chuvisca,Chuvisca - RS,4305447,4716,24,Antropic,4. Non vegetated area,4.2. Urban Area,61.1325526428223,68.6096650512696,12.230983469860403,2,5444,4944,110.11326860841424,Chuvisca,RS
Brasil,Rio Grande do Sul,Cidreira,Cidreira - RS,4305454,4717,24,Antropic,4. Non vegetated area,4.2. Urban Area,955.437350140376,1011.5786151123,5.875975537660897,1,3200,12654,25.28844634107792,Cidreira,RS
Brasil,Rio Grande do Sul,Ciríaco,Ciríaco - RS,4305504,4718,24,Antropic,4. Non vegetated area,4.2. Urban Area,104.799530792234,113.6380161499,8.43370699358223,4,4350,4922,88.3787078423405,Ciríaco,RS
Brasil,Rio Grande do Sul,Colinas,Colinas - RS,4305587,4719,24,Antropic,4. Non vegetated area,4.2. Urban Area,24.3026033874512,38.9141885009766,60.12353853855091,2,3360,39167,8.578650394464727,Colinas,MA
Brasil,Rio Grande do Sul,Colinas,Colinas - RS,4305587,4719,24,Antropic,4. Non vegetated area,4.2. Urban Area,24.3026033874512,38.9141885009766,60.12353853855091,3,7500,2420,309.91735537190084,Colinas,RS
Brasil,Rio Grande do Sul,Colorado,Colorado - RS,4305603,4720,24,Antropic,4. Non vegetated area,4.2. Urban Area,116.614907739258,130.168867657471,11.622836377419782,2,3552,3550,100.05633802816902,Colorado,RS
Brasil,Rio Grande do Sul,Condor,Condor - RS,4305702,4721,24,Antropic,4. Non vegetated area,4.2. Urban Area,166.970148095699,197.710445928949,18.41065494871048,1,6500,6552,99.20634920634922,Condor,RS
Brasil,Rio Grande do Sul,Constantina,Constantina - RS,4305801,4722,24,Antropic,4. Non vegetated area,4.2. Urban Area,227.838696105958,292.039204980469,28.17805314539461,1,9741,9741,100.0,Constantina,RS
Brasil,Rio Grande do Sul,Coqueiro Baixo,Coqueiro Baixo - RS,4305835,4723,24,Antropic,4. Non vegetated area,4.2. Urban Area,8.1435043762207,11.6671128662109,43.26894574133531,1,1290,1528,84.42408376963351,Coqueiro Baixo,RS
Brasil,Rio Grande do Sul,Coronel Barros,Coronel Barros - RS,4305871,4725,24,Antropic,4. Non vegetated area,4.2. Urban Area,95.2978202880872,118.096379913333,23.923484877540016,1,2822,2459,114.76209841398943,Coronel Barros,RS
Brasil,Rio Grande do Sul,Coronel Bicaco,Coronel Bicaco - RS,4305900,4726,24,Antropic,4. Non vegetated area,4.2. Urban Area,165.791190277099,187.933519323732,13.355552251977274,1,7748,7748,100.0,Coronel Bicaco,RS
Brasil,Rio Grande do Sul,Coronel Pilar,Coronel Pilar - RS,4305934,4727,24,Antropic,4. Non vegetated area,4.2. Urban Area,7.66669650878906,11.8911984985351,55.101985384488536,2,1400,1725,81.15942028985508,Coronel Pilar,RS
Brasil,Rio Grande do Sul,Cotiporã,Cotiporã - RS,4305959,4728,24,Antropic,4. Non vegetated area,4.2. Urban Area,93.5029652343752,112.094273168945,19.88312123360868,1,3917,3917,100.0,Cotiporã,RS
Brasil,Rio Grande do Sul,Coxilha,Coxilha - RS,4305975,4729,24,Antropic,4. Non vegetated area,4.2. Urban Area,88.0079524414064,96.5478545349123,9.70355729976966,2,350,2826,12.384996461429584,Coxilha,RS
Brasil,Rio Grande do Sul,Crissiumal,Crissiumal - RS,4306007,4730,24,Antropic,4. Non vegetated area,4.2. Urban Area,272.777109466556,303.156224200438,11.13697362410339,1,14085,14085,100.0,Crissiumal,RS
Brasil,Rio Grande do Sul,Cristal,Cristal - RS,4306056,4731,24,Antropic,4. Non vegetated area,4.2. Urban Area,173.958316687013,191.261751831056,9.94688582505397,2,1344,7280,18.461538461538463,Cristal,RS
Brasil,Rio Grande do Sul,Cruz Alta,Cruz Alta - RS,4306106,4733,24,Antropic,4. Non vegetated area,4.2. Urban Area,2185.99777913209,2454.07059037485,12.263178572358544,4,59231,62825,94.27934739355352,Cruz Alta,RS
Brasil,Rio Grande do Sul,Cruzaltense,Cruzaltense - RS,4306130,4734,24,Antropic,4. Non vegetated area,4.2. Urban Area,28.585695147705,35.811195111084,25.27662848863445,1,1635,2141,76.366184026156,Cruzaltense,RS
Brasil,Rio Grande do Sul,David Canabarro,David Canabarro - RS,4306304,4736,24,Antropic,4. Non vegetated area,4.2. Urban Area,77.9382144470215,102.786598974608,31.88215781422244,2,6591,4683,140.74311338885332,David Canabarro,RS
Brasil,Rio Grande do Sul,Derrubadas,Derrubadas - RS,4306320,4737,24,Antropic,4. Non vegetated area,4.2. Urban Area,53.3118379150394,65.9024844299317,23.61698078193709,1,2751,3190,86.23824451410658,Derrubadas,RS
Brasil,Rio Grande do Sul,Dois Irmãos,Dois Irmãos - RS,4306403,4740,24,Antropic,4. Non vegetated area,4.2. Urban Area,610.780788720707,718.492657470708,17.63511078591808,1,60,27572,0.2176120702161613,Dois Irmãos,RS
Brasil,Rio Grande do Sul,Dois Lajeados,Dois Lajeados - RS,4306452,4742,24,Antropic,4. Non vegetated area,4.2. Urban Area,66.83816282959,84.567760577393,26.526159602869736,1,39,3280,1.1890243902439024,Dois Lajeados,RS
Brasil,Rio Grande do Sul,Dom Feliciano,Dom Feliciano - RS,4306502,4743,24,Antropic,4. Non vegetated area,4.2. Urban Area,111.304901043701,122.95451138916,10.466394773474612,1,120,14380,0.8344923504867872,Dom Feliciano,RS
Brasil,Rio Grande do Sul,Dom Pedrito,Dom Pedrito - RS,4306601,4745,24,Antropic,4. Non vegetated area,4.2. Urban Area,1006.02110906984,1068.79024392703,6.239345704706515,2,5230,38916,13.439202384623291,Dom Pedrito,RS
Brasil,Rio Grande do Sul,Dona Francisca,Dona Francisca - RS,4306700,4746,24,Antropic,4. Non vegetated area,4.2. Urban Area,94.9663027221682,104.868650878906,10.427222996885478,1,3401,3401,100.0,Dona Francisca,RS
Brasil,Rio Grande do Sul,Doutor Maurício Cardoso,Doutor Maurício Cardoso - RS,4306734,4747,24,Antropic,4. Non vegetated area,4.2. Urban Area,94.7032223449705,117.288874951172,23.848874459551045,2,8940,5313,168.26651609260307,Doutor Maurício Cardoso,RS
Brasil,Rio Grande do Sul,Doutor Ricardo,Doutor Ricardo - RS,4306759,4748,24,Antropic,4. Non vegetated area,4.2. Urban Area,40.2786478210449,64.4150607971191,59.9235929748946,3,5664,2030,279.01477832512313,Doutor Ricardo,RS
Brasil,Rio Grande do Sul,Encantado,Encantado - RS,4306809,4750,24,Antropic,4. Non vegetated area,4.2. Urban Area,533.586166503904,639.319653247069,19.815634920961063,1,22962,20514,111.93331383445452,Encantado,RS
Brasil,Rio Grande do Sul,Engenho Velho,Engenho Velho - RS,4306924,4752,24,Antropic,4. Non vegetated area,4.2. Urban Area,28.3367696228026,38.4173340393066,35.574148185162834,3,2190,1530,143.13725490196077,Engenho Velho,RS
Brasil,Rio Grande do Sul,Entre-Ijuís,Entre-Ijuís - RS,4306932,4753,24,Antropic,4. Non vegetated area,4.2. Urban Area,187.862830444333,234.571684374989,24.86327594457096,1,9158,8938,102.4614007607966,Entre-Ijuís,RS
Brasil,Rio Grande do Sul,Erebango,Erebango - RS,4306973,4755,24,Antropic,4. Non vegetated area,4.2. Urban Area,127.866547637939,143.166615631103,11.96565346902693,2,6108,2970,205.65656565656565,Erebango,RS
Brasil,Rio Grande do Sul,Erechim,Erechim - RS,4307005,4756,24,Antropic,4. Non vegetated area,4.2. Urban Area,2579.43623898316,3013.16567799076,16.814892822416905,4,356,96105,0.3704281775141772,Erechim,RS
Brasil,Rio Grande do Sul,Herval,Herval - RS,4307104,4758,24,Antropic,4. Non vegetated area,4.2. Urban Area,119.901085192871,126.82409975586,5.773938202354681,2,6210,6757,91.90469143110847,Herval,RS
Brasil,Rio Grande do Sul,Erval Grande,Erval Grande - RS,4307203,4759,24,Antropic,4. Non vegetated area,4.2. Urban Area,104.114418493652,138.740623852539,33.25783869310877,1,5167,5167,100.0,Erval Grande,RS
Brasil,Rio Grande do Sul,Erval Seco,Erval Seco - RS,4307302,4760,24,Antropic,4. Non vegetated area,4.2. Urban Area,113.986434606934,131.950629101563,15.759940695202882,1,7878,7878,100.0,Erval Seco,RS
Brasil,Rio Grande do Sul,Esmeralda,Esmeralda - RS,4307401,4761,24,Antropic,4. Non vegetated area,4.2. Urban Area,93.2881888671875,102.941454742432,10.347789996210194,1,40,3169,1.2622278321236984,Esmeralda,RS
Brasil,Rio Grande do Sul,Espumoso,Espumoso - RS,4307500,4763,24,Antropic,4. Non vegetated area,4.2. Urban Area,326.795254046623,376.325473498531,15.15634601132906,3,30346,15240,199.12073490813648,Espumoso,RS
Brasil,Rio Grande do Sul,Estação,Estação - RS,4307559,4764,24,Antropic,4. Non vegetated area,4.2. Urban Area,187.137278308104,191.653204211424,2.4131621150784084,1,5517,6011,91.78173348860422,Estação,RS
Brasil,Rio Grande do Sul,Estância Velha,Estância Velha - RS,4307609,4765,24,Antropic,4. Non vegetated area,4.2. Urban Area,1100.75580406494,1249.77295197756,13.537711757895812,3,24,42589,0.0563525793045152,Estância Velha,RS
Brasil,Rio Grande do Sul,Esteio,Esteio - RS,4307708,4766,24,Antropic,4. Non vegetated area,4.2. Urban Area,1546.23605778808,1592.36491923829,2.983300073612191,3,88556,80669,109.7769899217791,Esteio,RS
Brasil,Rio Grande do Sul,Estrela,Estrela - RS,4307807,4767,24,Antropic,4. Non vegetated area,4.2. Urban Area,778.293482818611,915.820335089122,17.67030757760604,2,39999,30628,130.5961864960167,Estrela,RS
Brasil,Rio Grande do Sul,Estrela Velha,Estrela Velha - RS,4307815,4768,24,Antropic,4. Non vegetated area,4.2. Urban Area,51.4411642211912,74.8515915222165,45.509131948031154,1,3070,3628,84.61962513781698,Estrela Velha,RS
Brasil,Rio Grande do Sul,Fagundes Varela,Fagundes Varela - RS,4307864,4770,24,Antropic,4. Non vegetated area,4.2. Urban Area,65.7230210327145,75.4598214904782,14.814900935422742,1,155,2579,6.010081426909655,Fagundes Varela,RS
Brasil,Rio Grande do Sul,Farroupilha,Farroupilha - RS,4307906,4771,24,Antropic,4. Non vegetated area,4.2. Urban Area,1624.55336522829,1766.22099342041,8.720404710879546,1,111,63641,0.1744158639870524,Farroupilha,RS
Brasil,Rio Grande do Sul,Faxinalzinho,Faxinalzinho - RS,4308052,4773,24,Antropic,4. Non vegetated area,4.2. Urban Area,74.0885179748534,92.5510674316404,24.919582630946177,1,2567,2567,100.0,Faxinalzinho,RS
Brasil,Rio Grande do Sul,Fazenda Vilanova,Fazenda Vilanova - RS,4308078,4774,24,Antropic,4. Non vegetated area,4.2. Urban Area,90.3952941162109,119.643782641602,32.35620704744835,1,4291,3697,116.06708141736544,Fazenda Vilanova,RS
Brasil,Rio Grande do Sul,Feliz,Feliz - RS,4308102,4775,24,Antropic,4. Non vegetated area,4.2. Urban Area,207.03192791748,258.49734241333,24.858684848050768,4,24894,12359,201.42406343555305,Feliz,RS
Brasil,Rio Grande do Sul,Floriano Peixoto,Floriano Peixoto - RS,4308250,4777,24,Antropic,4. Non vegetated area,4.2. Urban Area,22.9873691040039,27.7433979370118,20.689748407004537,1,1668,2018,82.65609514370664,Floriano Peixoto,RS
Brasil,Rio Grande do Sul,Fontoura Xavier,Fontoura Xavier - RS,4308300,4778,24,Antropic,4. Non vegetated area,4.2. Urban Area,121.596777770997,159.801250622559,31.41898457499624,1,7308,10712,68.22255414488424,Fontoura Xavier,RS
Brasil,Rio Grande do Sul,Formigueiro,Formigueiro - RS,4308409,4779,24,Antropic,4. Non vegetated area,4.2. Urban Area,118.542788647461,127.631775634765,7.6672626745217745,1,6413,7014,91.43142286854862,Formigueiro,RS
Brasil,Rio Grande do Sul,Forquetinha,Forquetinha - RS,4308433,4780,24,Antropic,4. Non vegetated area,4.2. Urban Area,20.1628531127929,48.607360369873,141.07382074331866,1,1222,2473,49.41366761019005,Forquetinha,RS
Brasil,Rio Grande do Sul,Frederico Westphalen,Frederico Westphalen - RS,4308508,4782,24,Antropic,4. Non vegetated area,4.2. Urban Area,688.502956884757,874.335842181396,26.990862339570743,2,32797,28848,113.68899057127012,Frederico Westphalen,RS
Brasil,Rio Grande do Sul,Garibaldi,Garibaldi - RS,4308607,4783,24,Antropic,4. Non vegetated area,4.2. Urban Area,881.625505822763,1080.71006409912,22.581533424508233,1,31517,30692,102.68799687214909,Garibaldi,RS
Brasil,Rio Grande do Sul,Garruchos,Garruchos - RS,4308656,4784,24,Antropic,4. Non vegetated area,4.2. Urban Area,15.327710559082,23.7020640991211,54.63538411532121,2,2688,3233,83.14259201979586,Garruchos,RS
Brasil,Rio Grande do Sul,Gaurama,Gaurama - RS,4308706,4785,24,Antropic,4. Non vegetated area,4.2. Urban Area,112.59590894165,130.315691577147,15.737501301827786,1,5665,5862,96.63937222790857,Gaurama,RS
Brasil,Rio Grande do Sul,General Câmara,General Câmara - RS,4308805,4786,24,Antropic,4. Non vegetated area,4.2. Urban Area,147.56363394165,168.010552886962,13.856340074545162,1,701,8452,8.293894936109798,General Câmara,RS
Brasil,Rio Grande do Sul,Gentil,Gentil - RS,4308854,4787,24,Antropic,4. Non vegetated area,4.2. Urban Area,38.011584411621,51.3377182250973,35.05808563297402,2,2344,1677,139.77340488968397,Gentil,RS
Brasil,Rio Grande do Sul,Getúlio Vargas,Getúlio Vargas - RS,4308904,4788,24,Antropic,4. Non vegetated area,4.2. Urban Area,546.412959136965,608.388451165767,11.342244174934937,2,16165,16156,100.0557068581332,Getúlio Vargas,RS
Brasil,Rio Grande do Sul,Giruá,Giruá - RS,4309001,4789,24,Antropic,4. Non vegetated area,4.2. Urban Area,467.271559716798,491.172382849119,5.114974929526363,1,1890,17085,11.06233538191396,Giruá,RS
Brasil,Rio Grande do Sul,Glorinha,Glorinha - RS,4309050,4790,24,Antropic,4. Non vegetated area,4.2. Urban Area,155.844414672852,178.241746496581,14.37159738495947,2,2000,6885,29.048656499636895,Glorinha,RS
Brasil,Rio Grande do Sul,Gramado,Gramado - RS,4309100,4791,24,Antropic,4. Non vegetated area,4.2. Urban Area,634.720711877449,712.473699493417,12.249952799867105,2,1284,32300,3.975232198142415,Gramado,RS
Brasil,Rio Grande do Sul,Gramado Xavier,Gramado Xavier - RS,4309159,4793,24,Antropic,4. Non vegetated area,4.2. Urban Area,21.2797048278809,23.0008671020508,8.0882807731187,3,3304,3970,83.22418136020151,Gramado Xavier,RS
Brasil,Rio Grande do Sul,Gravataí,Gravataí - RS,4309209,4794,24,Antropic,4. Non vegetated area,4.2. Urban Area,4826.55739744884,5463.39616996473,13.194472168765715,4,284103,255762,111.081004996833,Gravataí,RS
Brasil,Rio Grande do Sul,Guabiju,Guabiju - RS,4309258,4795,24,Antropic,4. Non vegetated area,4.2. Urban Area,39.3081901733399,44.1921979736329,12.424911395705752,1,1598,1598,100.0,Guabiju,RS
Brasil,Rio Grande do Sul,Guaíba,Guaíba - RS,4309308,4796,24,Antropic,4. Non vegetated area,4.2. Urban Area,1797.4240330628,1959.6374643677,9.02477258126394,1,59870,95230,62.8688438517274,Guaíba,RS
Brasil,Rio Grande do Sul,Guaporé,Guaporé - RS,4309407,4797,24,Antropic,4. Non vegetated area,4.2. Urban Area,645.891163940429,702.840020355229,8.817097925193535,3,71588,22810,313.84480491012715,Guaporé,RS
Brasil,Rio Grande do Sul,Harmonia,Harmonia - RS,4309555,4799,24,Antropic,4. Non vegetated area,4.2. Urban Area,60.3880330932616,95.497645025635,58.14001571826506,2,223,4254,5.242125058768218,Harmonia,RS
Brasil,Rio Grande do Sul,Herveiras,Herveiras - RS,4309571,4800,24,Antropic,4. Non vegetated area,4.2. Urban Area,13.2758050292969,15.2281756225586,14.706231290330276,1,2526,2954,85.51117129316181,Herveiras,RS
Brasil,Rio Grande do Sul,Horizontina,Horizontina - RS,4309605,4801,24,Antropic,4. Non vegetated area,4.2. Urban Area,613.245653472905,679.728014544682,10.841065190642126,2,37739,18350,205.66212534059943,Horizontina,RS
Brasil,Rio Grande do Sul,Hulha Negra,Hulha Negra - RS,4309654,4802,24,Antropic,4. Non vegetated area,4.2. Urban Area,113.103858642578,118.924061444092,5.145892342989422,5,12284,6048,203.1084656084656,Hulha Negra,RS
Brasil,Rio Grande do Sul,Humaitá,Humaitá - RS,4309704,4803,24,Antropic,4. Non vegetated area,4.2. Urban Area,136.859117102049,147.667897467039,7.897742287004853,2,4933,4919,100.28461069323032,Humaitá,RS
Brasil,Rio Grande do Sul,Ibarama,Ibarama - RS,4309753,4804,24,Antropic,4. Non vegetated area,4.2. Urban Area,36.8727933349608,40.7788462646484,10.593319833960328,1,3736,4371,85.47243193777167,Ibarama,RS
Brasil,Rio Grande do Sul,Ibiaçá,Ibiaçá - RS,4309803,4805,24,Antropic,4. Non vegetated area,4.2. Urban Area,118.451076013184,141.87227346802,19.77288703753874,2,2500,4710,53.07855626326964,Ibiaçá,RS
Brasil,Rio Grande do Sul,Ibiraiaras,Ibiraiaras - RS,4309902,4806,24,Antropic,4. Non vegetated area,4.2. Urban Area,129.157239697262,139.176941387934,7.757754589798953,1,7175,7175,100.0,Ibiraiaras,RS
Brasil,Rio Grande do Sul,Ibirapuitã,Ibirapuitã - RS,4309951,4807,24,Antropic,4. Non vegetated area,4.2. Urban Area,88.9487466369627,100.126259283447,12.56623962573013,1,1670,4061,41.12287613888205,Ibirapuitã,RS
Brasil,Rio Grande do Sul,Ibirubá,Ibirubá - RS,4310009,4808,24,Antropic,4. Non vegetated area,4.2. Urban Area,482.880351690686,580.401387475591,20.195693497045237,2,200,19312,1.035625517812759,Ibirubá,RS
Brasil,Rio Grande do Sul,Igrejinha,Igrejinha - RS,4310108,4809,24,Antropic,4. Non vegetated area,4.2. Urban Area,616.936814849856,704.922277380375,14.261665119130893,3,31663,31663,100.0,Igrejinha,RS
Brasil,Rio Grande do Sul,Ijuí,Ijuí - RS,4310207,4810,24,Antropic,4. Non vegetated area,4.2. Urban Area,2139.65684236448,2276.36284577632,6.389155527424182,1,84041,78920,106.48884946781553,Ijuí,RS
Brasil,Rio Grande do Sul,Ilópolis,Ilópolis - RS,4310306,4811,24,Antropic,4. Non vegetated area,4.2. Urban Area,107.765241357422,123.620518444826,14.71279318608608,1,32,4098,0.7808687164470474,Ilópolis,RS
Brasil,Rio Grande do Sul,Imigrante,Imigrante - RS,4310363,4813,24,Antropic,4. Non vegetated area,4.2. Urban Area,50.5008009033202,66.2133444396973,31.11345415384109,1,3025,3025,100.0,Imigrante,RS
Brasil,Rio Grande do Sul,Independência,Independência - RS,4310405,4814,24,Antropic,4. Non vegetated area,4.2. Urban Area,193.862389282226,229.925309979249,18.60232963729875,1,1800,6618,27.198549410698096,Independência,RS
Brasil,Rio Grande do Sul,Inhacorá,Inhacorá - RS,4310413,4815,24,Antropic,4. Non vegetated area,4.2. Urban Area,50.2454156799317,56.9818363708497,13.407035447431992,2,4534,2267,200.0,Inhacorá,RS
Brasil,Rio Grande do Sul,Ipê,Ipê - RS,4310439,4816,24,Antropic,4. Non vegetated area,4.2. Urban Area,111.578690563965,125.802817510985,12.74806764188158,1,6017,6017,100.0,Ipê,RS
Brasil,Rio Grande do Sul,Iraí,Iraí - RS,4310504,4818,24,Antropic,4. Non vegetated area,4.2. Urban Area,73.916562237549,126.624127990722,71.3068413325072,1,8078,8078,100.0,Iraí,RS
Brasil,Rio Grande do Sul,Itaara,Itaara - RS,4310538,4819,24,Antropic,4. Non vegetated area,4.2. Urban Area,73.9484267333984,103.038011871338,39.33766602339552,2,562,5011,11.215326282179204,Itaara,RS
Brasil,Rio Grande do Sul,Itacurubi,Itacurubi - RS,4310553,4820,24,Antropic,4. Non vegetated area,4.2. Urban Area,61.6100391174316,71.5900120239256,16.198614786580002,2,3007,3441,87.38738738738738,Itacurubi,RS
Brasil,Rio Grande do Sul,Itapuca,Itapuca - RS,4310579,4821,24,Antropic,4. Non vegetated area,4.2. Urban Area,28.4525360656739,33.8758180603027,19.060803515408345,2,1518,2337,64.95507060333762,Itapuca,RS
Brasil,Rio Grande do Sul,Itaqui,Itaqui - RS,4310603,4822,24,Antropic,4. Non vegetated area,4.2. Urban Area,924.708991455087,933.716526971443,0.9740940771195608,2,2037,38166,5.337211130325421,Itaqui,RS
Brasil,Rio Grande do Sul,Itati,Itati - RS,4310652,4823,24,Antropic,4. Non vegetated area,4.2. Urban Area,4.76087108154297,8.19551536254883,72.14319023090862,1,2282,2589,88.14213982232523,Itati,RS
Brasil,Rio Grande do Sul,Ivorá,Ivorá - RS,4310751,4825,24,Antropic,4. Non vegetated area,4.2. Urban Area,47.9191552612303,52.5237930236815,9.609179747324651,2,218,2156,10.111317254174397,Ivorá,RS
Brasil,Rio Grande do Sul,Ivoti,Ivoti - RS,4310801,4826,24,Antropic,4. Non vegetated area,4.2. Urban Area,569.166716851809,643.478177624517,13.056185221746908,1,716,19877,3.602153242441012,Ivoti,RS
Brasil,Rio Grande do Sul,Jaboticaba,Jaboticaba - RS,4310850,4827,24,Antropic,4. Non vegetated area,4.2. Urban Area,70.0500437438963,98.8016329833984,41.044355867382784,1,4111,4111,100.0,Jaboticaba,RS
Brasil,Rio Grande do Sul,Jacuizinho,Jacuizinho - RS,4310876,4828,24,Antropic,4. Non vegetated area,4.2. Urban Area,28.6981480041504,36.6175593872071,27.595548611399508,1,2045,2507,81.57159952134025,Jacuizinho,RS
Brasil,Rio Grande do Sul,Jacutinga,Jacutinga - RS,4310900,4829,24,Antropic,4. Non vegetated area,4.2. Urban Area,91.2643829956057,107.374167108154,17.65177562568299,1,3630,3630,100.0,Jacutinga,RS
Brasil,Rio Grande do Sul,Jaguarão,Jaguarão - RS,4311007,4830,24,Antropic,4. Non vegetated area,4.2. Urban Area,585.248805963135,629.500845025634,7.561235257827491,4,40006,27942,143.1751485219383,Jaguarão,RS
Brasil,Rio Grande do Sul,Jaguari,Jaguari - RS,4311106,4831,24,Antropic,4. Non vegetated area,4.2. Urban Area,204.373887109374,227.480424743654,11.306012701081595,2,12284,11478,107.02212929081722,Jaguari,RS
Brasil,Rio Grande do Sul,Jaquirana,Jaquirana - RS,4311122,4832,24,Antropic,4. Non vegetated area,4.2. Urban Area,70.4337547302245,74.5954122375488,5.90861231701232,1,4177,4177,100.0,Jaquirana,RS
Brasil,Rio Grande do Sul,Jari,Jari - RS,4311130,4833,24,Antropic,4. Non vegetated area,4.2. Urban Area,24.9520675476074,43.1772481506348,73.04076332854821,2,3349,3575,93.67832167832168,Jari,RS
Brasil,Rio Grande do Sul,Jóia,Jóia - RS,4311155,4834,24,Antropic,4. Non vegetated area,4.2. Urban Area,79.009832440186,100.020054785157,26.591908495536533,1,8329,8329,100.0,Jóia,RS
Brasil,Rio Grande do Sul,Lagoão,Lagoão - RS,4311254,4837,24,Antropic,4. Non vegetated area,4.2. Urban Area,55.3355147094726,75.2151848876952,35.92569850049575,2,7023,6185,113.5489086499596,Lagoão,RS
Brasil,Rio Grande do Sul,Lagoa Vermelha,Lagoa Vermelha - RS,4311304,4839,24,Antropic,4. Non vegetated area,4.2. Urban Area,786.558889184573,891.097593212887,13.29063919634669,4,55070,27529,200.04359039558284,Lagoa Vermelha,RS
Brasil,Rio Grande do Sul,Lajeado,Lajeado - RS,4311403,4840,24,Antropic,4. Non vegetated area,4.2. Urban Area,2055.82789646601,2741.32661531978,33.344168547967946,7,143556,71481,200.83099005330087,Lajeado,RS
Brasil,Rio Grande do Sul,Liberato Salzano,Liberato Salzano - RS,4311601,4843,24,Antropic,4. Non vegetated area,4.2. Urban Area,67.7806930175783,81.5265325378419,20.2798745605902,1,5780,5780,100.0,Liberato Salzano,RS
Brasil,Rio Grande do Sul,Lindolfo Collor,Lindolfo Collor - RS,4311627,4844,24,Antropic,4. Non vegetated area,4.2. Urban Area,92.3353510437011,120.95629609375,30.99673605670594,1,401,5229,7.6687703193727295,Lindolfo Collor,RS
Brasil,Rio Grande do Sul,Linha Nova,Linha Nova - RS,4311643,4845,24,Antropic,4. Non vegetated area,4.2. Urban Area,22.4107752380371,26.4712422912597,18.118369445475032,1,35,1624,2.1551724137931036,Linha Nova,RS
Brasil,Rio Grande do Sul,Machadinho,Machadinho - RS,4311700,4846,24,Antropic,4. Non vegetated area,4.2. Urban Area,158.313525018309,184.698403723143,16.666218948622724,1,2127,5515,38.5675430643699,Machadinho,RS
Brasil,Rio Grande do Sul,Maçambará,Maçambará - RS,4311718,4847,24,Antropic,4. Non vegetated area,4.2. Urban Area,67.1254827514648,72.6086373107909,8.16851415374952,1,3430,4742,72.33234921973852,Maçambará,RS
Brasil,Rio Grande do Sul,Mampituba,Mampituba - RS,4311734,4848,24,Antropic,4. Non vegetated area,4.2. Urban Area,5.08794053344727,10.1755331298828,99.99316153541,1,3131,2997,104.47113780447114,Mampituba,RS
Brasil,Rio Grande do Sul,Manoel Viana,Manoel Viana - RS,4311759,4849,24,Antropic,4. Non vegetated area,4.2. Urban Area,235.517226885986,244.5653409729,3.841805632033111,1,440,7074,6.2199604184337005,Manoel Viana,RS
Brasil,Rio Grande do Sul,Maquiné,Maquiné - RS,4311775,4850,24,Antropic,4. Non vegetated area,4.2. Urban Area,65.9228780944824,74.6525415771486,13.242236587660228,2,3252,6908,47.075854082223515,Maquiné,RS
Brasil,Rio Grande do Sul,Maratá,Maratá - RS,4311791,4851,24,Antropic,4. Non vegetated area,4.2. Urban Area,22.0804609741211,25.2013917602539,14.134355210204255,1,1928,2527,76.29600316580925,Maratá,RS
Brasil,Rio Grande do Sul,Marau,Marau - RS,4311809,4852,24,Antropic,4. Non vegetated area,4.2. Urban Area,1031.69745086672,1142.31989859621,10.722372885244315,1,9354,36383,25.70980952642718,Marau,RS
Brasil,Rio Grande do Sul,Marcelino Ramos,Marcelino Ramos - RS,4311908,4853,24,Antropic,4. Non vegetated area,4.2. Urban Area,78.7471188415525,86.9404149047847,10.404566140023446,3,8652,5134,168.52356836774445,Marcelino Ramos,RS
Brasil,Rio Grande do Sul,Mariana Pimentel,Mariana Pimentel - RS,4311981,4854,24,Antropic,4. Non vegetated area,4.2. Urban Area,39.322810357666,41.7998569335938,6.2992613025302235,1,282,3768,7.484076433121019,Mariana Pimentel,RS
Brasil,Rio Grande do Sul,Mariano Moro,Mariano Moro - RS,4312005,4855,24,Antropic,4. Non vegetated area,4.2. Urban Area,35.5129438842772,46.6606520751951,31.39054939304364,1,1858,2210,84.07239819004525,Mariano Moro,RS
Brasil,Rio Grande do Sul,Mata,Mata - RS,4312104,4857,24,Antropic,4. Non vegetated area,4.2. Urban Area,98.7640116638188,105.004929882813,6.31902057627788,3,15333,5111,300.0,Mata,RS
Brasil,Rio Grande do Sul,Mato Castelhano,Mato Castelhano - RS,4312138,4858,24,Antropic,4. Non vegetated area,4.2. Urban Area,65.9352309265139,74.9371933105473,13.652735051563356,2,1559,2470,63.11740890688259,Mato Castelhano,RS
Brasil,Rio Grande do Sul,Mato Leitão,Mato Leitão - RS,4312153,4859,24,Antropic,4. Non vegetated area,4.2. Urban Area,79.7559056945802,106.054428338623,32.973762149665994,1,48,3869,1.2406306539157406,Mato Leitão,RS
Brasil,Rio Grande do Sul,Mato Queimado,Mato Queimado - RS,4312179,4860,24,Antropic,4. Non vegetated area,4.2. Urban Area,41.8605486633299,53.4708430358889,27.735647867247582,1,1799,1799,100.0,Mato Queimado,RS
Brasil,Rio Grande do Sul,Miraguaí,Miraguaí - RS,4312302,4863,24,Antropic,4. Non vegetated area,4.2. Urban Area,121.672945007324,142.030264929199,16.731180395649677,2,9710,4855,200.0,Miraguaí,RS
Brasil,Rio Grande do Sul,Montauri,Montauri - RS,4312351,4864,24,Antropic,4. Non vegetated area,4.2. Urban Area,41.4707401123048,55.2416013671875,33.206210493447976,1,0,1542,0.0,Montauri,RS
Brasil,Rio Grande do Sul,Montenegro,Montenegro - RS,4312401,4867,24,Antropic,4. Non vegetated area,4.2. Urban Area,1394.97960384527,1520.49660484628,8.997766035791601,1,11263,59436,18.949794737196314,Montenegro,RS
Brasil,Rio Grande do Sul,Mormaço,Mormaço - RS,4312427,4868,24,Antropic,4. Non vegetated area,4.2. Urban Area,63.1661481750484,69.7739460021971,10.460979524724117,1,2756,2749,100.25463805020009,Mormaço,RS
Brasil,Rio Grande do Sul,Morro Redondo,Morro Redondo - RS,4312450,4870,24,Antropic,4. Non vegetated area,4.2. Urban Area,86.7480923400876,94.9263733459472,9.427620579594343,2,2500,6231,40.121970791205264,Morro Redondo,RS
Brasil,Rio Grande do Sul,Morro Reuter,Morro Reuter - RS,4312476,4871,24,Antropic,4. Non vegetated area,4.2. Urban Area,88.2542236022954,110.729023254395,25.46597628389885,1,1540,5680,27.11267605633803,Morro Reuter,RS
Brasil,Rio Grande do Sul,Mostardas,Mostardas - RS,4312500,4872,24,Antropic,4. Non vegetated area,4.2. Urban Area,664.674203936768,684.335217852783,2.957992622485678,3,0,12130,0.0,Mostardas,RS
Brasil,Rio Grande do Sul,Muçum,Muçum - RS,4312609,4873,24,Antropic,4. Non vegetated area,4.2. Urban Area,123.188560650635,135.014468969727,9.59984292099207,1,4791,4791,100.0,Muçum,RS
Brasil,Rio Grande do Sul,Muitos Capões,Muitos Capões - RS,4312617,4874,24,Antropic,4. Non vegetated area,4.2. Urban Area,48.3895046142578,64.8874780395511,34.09411515329344,1,2879,2977,96.70809539805173,Muitos Capões,RS
Brasil,Rio Grande do Sul,Muliterno,Muliterno - RS,4312625,4875,24,Antropic,4. Non vegetated area,4.2. Urban Area,40.4110209899903,50.5138333801272,25.00014140360211,1,23,1813,1.26861555432984,Muliterno,RS
Brasil,Rio Grande do Sul,Não-Me-Toque,Não-Me-Toque - RS,4312658,4876,24,Antropic,4. Non vegetated area,4.2. Urban Area,605.904252520748,731.720123937986,20.764975801672524,2,3627,15938,22.75693311582382,Não-Me-Toque,RS
Brasil,Rio Grande do Sul,Nicolau Vergueiro,Nicolau Vergueiro - RS,4312674,4877,24,Antropic,4. Non vegetated area,4.2. Urban Area,51.0479050903318,62.7069834411613,22.83948446111193,2,1400,1721,81.34805345729227,Nicolau Vergueiro,RS
Brasil,Rio Grande do Sul,Nonoai,Nonoai - RS,4312708,4878,24,Antropic,4. Non vegetated area,4.2. Urban Area,287.028768865967,345.467650860599,20.359938909789584,2,12076,12076,100.0,Nonoai,RS
Brasil,Rio Grande do Sul,Nova Alvorada,Nova Alvorada - RS,4312757,4879,24,Antropic,4. Non vegetated area,4.2. Urban Area,68.2097228271483,85.4391151855459,25.2594375761634,1,125,3177,3.9345294302801386,Nova Alvorada,RS
Brasil,Rio Grande do Sul,Nova Bassano,Nova Bassano - RS,4312906,4881,24,Antropic,4. Non vegetated area,4.2. Urban Area,233.791058569333,282.938323956297,21.021875553204232,1,9649,8840,109.15158371040722,Nova Bassano,RS
Brasil,Rio Grande do Sul,Nova Boa Vista,Nova Boa Vista - RS,4312955,4882,24,Antropic,4. Non vegetated area,4.2. Urban Area,42.358374407959,55.976403173828,32.14955473671392,1,2042,1960,104.18367346938776,Nova Boa Vista,RS
Brasil,Rio Grande do Sul,Nova Bréscia,Nova Bréscia - RS,4313003,4883,24,Antropic,4. Non vegetated area,4.2. Urban Area,31.3880757995605,49.5482948059082,57.857063689778585,1,3034,3184,95.28894472361809,Nova Bréscia,RS
Brasil,Rio Grande do Sul,Nova Candelária,Nova Candelária - RS,4313011,4884,24,Antropic,4. Non vegetated area,4.2. Urban Area,55.3727343383791,94.3793321960451,70.44369096765075,1,3000,2751,109.05125408942202,Nova Candelária,RS
Brasil,Rio Grande do Sul,Nova Hartz,Nova Hartz - RS,4313060,4886,24,Antropic,4. Non vegetated area,4.2. Urban Area,351.660909680173,424.734717987057,20.77962215741945,1,232,18346,1.2645808350594134,Nova Hartz,RS
Brasil,Rio Grande do Sul,Nova Pádua,Nova Pádua - RS,4313086,4887,24,Antropic,4. Non vegetated area,4.2. Urban Area,39.3640234375001,45.7156297363281,16.135561724051673,1,72,2445,2.9447852760736195,Nova Pádua,RS
Brasil,Rio Grande do Sul,Nova Palma,Nova Palma - RS,4313102,4888,24,Antropic,4. Non vegetated area,4.2. Urban Area,114.709412774658,139.306438171387,21.442900631920104,4,19035,6345,300.0,Nova Palma,RS
Brasil,Rio Grande do Sul,Nova Petrópolis,Nova Petrópolis - RS,4313201,4889,24,Antropic,4. Non vegetated area,4.2. Urban Area,306.453845440671,412.82728143921,34.71107887244077,1,22238,19058,116.68590618113129,Nova Petrópolis,RS
Brasil,Rio Grande do Sul,Nova Prata,Nova Prata - RS,4313300,4890,24,Antropic,4. Non vegetated area,4.2. Urban Area,611.714889129646,696.762406878672,13.90313024259265,1,8595,22830,37.64783180026281,Nova Prata,RS
Brasil,Rio Grande do Sul,Nova Ramada,Nova Ramada - RS,4313334,4891,24,Antropic,4. Non vegetated area,4.2. Urban Area,44.9336318847657,48.6519083068848,8.275040912906356,1,2437,2437,100.0,Nova Ramada,RS
Brasil,Rio Grande do Sul,Nova Santa Rita,Nova Santa Rita - RS,4313375,4893,24,Antropic,4. Non vegetated area,4.2. Urban Area,580.267644262696,895.541269439692,54.332449567749265,2,10950,22706,48.22513872985114,Nova Santa Rita,RS
Brasil,Rio Grande do Sul,Novo Cabrais,Novo Cabrais - RS,4313391,4894,24,Antropic,4. Non vegetated area,4.2. Urban Area,41.5112107421875,44.0034477600098,6.003768556163691,1,60,3855,1.556420233463035,Novo Cabrais,RS
Brasil,Rio Grande do Sul,Novo Hamburgo,Novo Hamburgo - RS,4313409,4895,24,Antropic,4. Non vegetated area,4.2. Urban Area,4562.73585200769,4693.15685625568,2.8583947981692415,1,20981,239051,8.77678821674036,Novo Hamburgo,RS
Brasil,Rio Grande do Sul,Novo Machado,Novo Machado - RS,4313425,4896,24,Antropic,4. Non vegetated area,4.2. Urban Area,105.488566174316,131.083835418701,24.263548337636657,1,3198,3927,81.43621084797556,Novo Machado,RS
Brasil,Rio Grande do Sul,Novo Tiradentes,Novo Tiradentes - RS,4313441,4897,24,Antropic,4. Non vegetated area,4.2. Urban Area,36.4807004882813,43.474784173584,19.172010382721155,2,4292,2277,188.49363197189285,Novo Tiradentes,RS
Brasil,Rio Grande do Sul,Novo Xingu,Novo Xingu - RS,4313466,4898,24,Antropic,4. Non vegetated area,4.2. Urban Area,31.1835162841796,38.4041245056153,23.15520852630384,1,1646,1757,93.68241320432556,Novo Xingu,RS
Brasil,Rio Grande do Sul,Novo Barreiro,Novo Barreiro - RS,4313490,4899,24,Antropic,4. Non vegetated area,4.2. Urban Area,69.4878270568848,92.1480245239258,32.61031237671411,2,4272,3978,107.39064856711916,Novo Barreiro,RS
Brasil,Rio Grande do Sul,Osório,Osório - RS,4313508,4900,24,Antropic,4. Non vegetated area,4.2. Urban Area,1610.35856619265,1734.05975751344,7.681593026406235,1,10,40941,0.0244253926381866,Osório,RS
Brasil,Rio Grande do Sul,Paim Filho,Paim Filho - RS,4313607,4901,24,Antropic,4. Non vegetated area,4.2. Urban Area,93.3450889526371,117.633665863037,26.020197937487445,1,3629,4243,85.52910676408202,Paim Filho,RS
Brasil,Rio Grande do Sul,Palmitinho,Palmitinho - RS,4313805,4904,24,Antropic,4. Non vegetated area,4.2. Urban Area,100.729241516113,139.428334124757,38.41892585129169,1,7839,6920,113.28034682080926,Palmitinho,RS
Brasil,Rio Grande do Sul,Panambi,Panambi - RS,4313904,4905,24,Antropic,4. Non vegetated area,4.2. Urban Area,1231.41829748533,1378.11644170531,11.912941729025084,4,55108,38068,144.7620048334559,Panambi,RS
Brasil,Rio Grande do Sul,Pantano Grande,Pantano Grande - RS,4313953,4906,24,Antropic,4. Non vegetated area,4.2. Urban Area,309.37662550049,353.644810394288,14.308833067845304,1,5401,9895,54.58312278928752,Pantano Grande,RS
Brasil,Rio Grande do Sul,Paraí,Paraí - RS,4314001,4907,24,Antropic,4. Non vegetated area,4.2. Urban Area,202.728636401369,249.17945754395,22.912806975436915,1,6812,6812,100.0,Paraí,RS
Brasil,Rio Grande do Sul,Pareci Novo,Pareci Novo - RS,4314035,4909,24,Antropic,4. Non vegetated area,4.2. Urban Area,64.2377245666503,93.0820391601564,44.90245379656697,1,1129,3511,32.15608088863572,Pareci Novo,RS
Brasil,Rio Grande do Sul,Parobé,Parobé - RS,4314050,4910,24,Antropic,4. Non vegetated area,4.2. Urban Area,939.476381720018,1085.42087800293,15.534663683158596,3,7308,51481,14.195528447388355,Parobé,RS
Brasil,Rio Grande do Sul,Passa Sete,Passa Sete - RS,4314068,4911,24,Antropic,4. Non vegetated area,4.2. Urban Area,25.1477771606446,29.2871620300293,16.460241567046697,6,21060,5159,408.2186470246172,Passa Sete,RS
Brasil,Rio Grande do Sul,Passo Fundo,Passo Fundo - RS,4314100,4913,24,Antropic,4. Non vegetated area,4.2. Urban Area,4580.98871746215,4980.29756746209,8.716652116557839,2,2748,184869,1.4864579783522387,Passo Fundo,RS
Brasil,Rio Grande do Sul,Paulo Bento,Paulo Bento - RS,4314134,4914,24,Antropic,4. Non vegetated area,4.2. Urban Area,57.8682707153321,65.410012060547,13.032601893902337,1,2196,2196,100.0,Paulo Bento,RS
Brasil,Rio Grande do Sul,Paverama,Paverama - RS,4314159,4915,24,Antropic,4. Non vegetated area,4.2. Urban Area,99.5556434326176,125.46010689087,26.020085416639745,1,5097,8047,63.34037529514105,Paverama,RS
Brasil,Rio Grande do Sul,Pedras Altas,Pedras Altas - RS,4314175,4916,24,Antropic,4. Non vegetated area,4.2. Urban Area,33.5788549377443,33.8841154602052,0.9090855630034308,1,2061,2218,92.92155094679892,Pedras Altas,RS
Brasil,Rio Grande do Sul,Pedro Osório,Pedro Osório - RS,4314209,4917,24,Antropic,4. Non vegetated area,4.2. Urban Area,315.246746874998,317.761412615965,0.7976817416498628,1,0,7817,0.0,Pedro Osório,RS
Brasil,Rio Grande do Sul,Pejuçara,Pejuçara - RS,4314308,4918,24,Antropic,4. Non vegetated area,4.2. Urban Area,147.31302582397,150.073300091548,1.8737475875869536,4,10543,3973,265.3662219984898,Pejuçara,RS
Brasil,Rio Grande do Sul,Pelotas,Pelotas - RS,4314407,4919,24,Antropic,4. Non vegetated area,4.2. Urban Area,5611.16710421022,6319.67453469712,12.626739095958966,3,105516,327778,32.191300209287995,Pelotas,RS
Brasil,Rio Grande do Sul,Picada Café,Picada Café - RS,4314423,4920,24,Antropic,4. Non vegetated area,4.2. Urban Area,76.1402274597167,97.6945846618652,28.30876387065197,1,5351,5182,103.26128907757624,Picada Café,RS
Brasil,Rio Grande do Sul,Pinhal,Pinhal - RS,4314456,4921,24,Antropic,4. Non vegetated area,4.2. Urban Area,55.103807720947,67.7467300659175,22.943827056373195,2,5474,2515,217.6540755467197,Pinhal,RS
Brasil,Rio Grande do Sul,Pinhal Grande,Pinhal Grande - RS,4314472,4923,24,Antropic,4. Non vegetated area,4.2. Urban Area,86.0014493286134,95.9303139038085,11.544996802619783,2,8942,4471,200.0,Pinhal Grande,RS
Brasil,Rio Grande do Sul,Pinheiro Machado,Pinheiro Machado - RS,4314506,4925,24,Antropic,4. Non vegetated area,4.2. Urban Area,296.178994036866,305.122244720459,3.0195425278808865,5,44964,12787,351.6383827324626,Pinheiro Machado,RS
Brasil,Rio Grande do Sul,Pinto Bandeira,Pinto Bandeira - RS,4314548,4926,24,Antropic,4. Non vegetated area,4.2. Urban Area,35.9650404174805,44.7416917602539,24.40328508155265,2,440,0,inf,Pinto Bandeira,RS
Brasil,Rio Grande do Sul,Pirapó,Pirapó - RS,4314555,4927,24,Antropic,4. Non vegetated area,4.2. Urban Area,37.1138049621583,47.7970280639651,28.785038647208367,1,1200,2757,43.52557127312296,Pirapó,RS
Brasil,Rio Grande do Sul,Piratini,Piratini - RS,4314605,4928,24,Antropic,4. Non vegetated area,4.2. Urban Area,259.810442248536,267.235741418457,2.8579679498862967,3,59047,19831,297.7509959154859,Piratini,RS
Brasil,Rio Grande do Sul,Planalto,Planalto - RS,4314704,4929,24,Antropic,4. Non vegetated area,4.2. Urban Area,236.455379333498,270.939906060793,14.583946799813695,1,10524,10524,100.0,Planalto,RS
Brasil,Rio Grande do Sul,Pontão,Pontão - RS,4314779,4931,24,Antropic,4. Non vegetated area,4.2. Urban Area,77.5413226074224,83.1591767700201,7.244981093551715,1,5,3857,0.1296344309048483,Pontão,RS
Brasil,Rio Grande do Sul,Ponte Preta,Ponte Preta - RS,4314787,4932,24,Antropic,4. Non vegetated area,4.2. Urban Area,38.9915498229981,45.503346813965,16.700533886257823,8,1575,1750,90.0,Ponte Preta,RS
Brasil,Rio Grande do Sul,Portão,Portão - RS,4314803,4933,24,Antropic,4. Non vegetated area,4.2. Urban Area,852.225172399941,944.477948376515,10.82492972095415,1,192,30881,0.621741523914381,Portão,RS
Brasil,Rio Grande do Sul,Porto Alegre,Porto Alegre - RS,4314902,4934,24,Antropic,4. Non vegetated area,4.2. Urban Area,17542.319161994,18129.5728220343,3.3476398110040315,3,1419183,1409939,100.65563120106616,Porto Alegre,RS
Brasil,Rio Grande do Sul,Porto Lucena,Porto Lucena - RS,4315008,4935,24,Antropic,4. Non vegetated area,4.2. Urban Area,79.3499540527345,89.9718799316404,13.386177730924413,1,4360,5421,80.42796532005165,Porto Lucena,RS
Brasil,Rio Grande do Sul,Porto Mauá,Porto Mauá - RS,4315057,4936,24,Antropic,4. Non vegetated area,4.2. Urban Area,38.9334162353514,51.8859968322751,33.268543707096526,1,2142,2544,84.19811320754717,Porto Mauá,RS
Brasil,Rio Grande do Sul,Porto Vera Cruz,Porto Vera Cruz - RS,4315073,4937,24,Antropic,4. Non vegetated area,4.2. Urban Area,14.8396581054687,17.8551603515624,20.32056415762321,1,1560,1852,84.23326133909286,Porto Vera Cruz,RS
Brasil,Rio Grande do Sul,Porto Xavier,Porto Xavier - RS,4315107,4938,24,Antropic,4. Non vegetated area,4.2. Urban Area,198.07609743042,223.826641992187,13.000329113820836,2,21116,10560,199.9621212121212,Porto Xavier,RS
Brasil,Rio Grande do Sul,Pouso Novo,Pouso Novo - RS,4315131,4939,24,Antropic,4. Non vegetated area,4.2. Urban Area,22.0048672729492,25.4504473449706,15.658263370927422,1,1739,1875,92.74666666666668,Pouso Novo,RS
Brasil,Rio Grande do Sul,Presidente Lucena,Presidente Lucena - RS,4315149,4940,24,Antropic,4. Non vegetated area,4.2. Urban Area,55.5676177673339,82.2587570068361,48.033621580216305,1,3077,2485,123.82293762575452,Presidente Lucena,RS
Brasil,Rio Grande do Sul,Progresso,Progresso - RS,4315156,4941,24,Antropic,4. Non vegetated area,4.2. Urban Area,46.1712907226563,68.6282353820801,48.638329810442485,1,5340,6161,86.67424119461127,Progresso,RS
Brasil,Rio Grande do Sul,Protásio Alves,Protásio Alves - RS,4315172,4942,24,Antropic,4. Non vegetated area,4.2. Urban Area,28.7729096191407,32.1533886779786,11.748825904590086,1,74,2000,3.7,Protásio Alves,RS
Brasil,Rio Grande do Sul,Putinga,Putinga - RS,4315206,4943,24,Antropic,4. Non vegetated area,4.2. Urban Area,59.923120574951,70.9038804077147,18.324746320627803,2,2681,4147,64.64914395948878,Putinga,RS
Brasil,Rio Grande do Sul,Quaraí,Quaraí - RS,4315305,4944,24,Antropic,4. Non vegetated area,4.2. Urban Area,532.340899993895,557.104455578615,4.6518228422809385,1,7057,23021,30.65461969506103,Quaraí,RS
Brasil,Rio Grande do Sul,Quatro Irmãos,Quatro Irmãos - RS,4315313,4945,24,Antropic,4. Non vegetated area,4.2. Urban Area,48.0521849487306,50.9067560485842,5.940564623438648,1,1552,1778,87.28908886389202,Quatro Irmãos,RS
Brasil,Rio Grande do Sul,Quevedos,Quevedos - RS,4315321,4946,24,Antropic,4. Non vegetated area,4.2. Urban Area,27.9854690673828,34.7081607177733,24.022079580670063,2,5420,2710,200.0,Quevedos,RS
Brasil,Rio Grande do Sul,Redentora,Redentora - RS,4315404,4948,24,Antropic,4. Non vegetated area,4.2. Urban Area,124.141731842041,133.432728936767,7.484185178395894,1,10222,10222,100.0,Redentora,RS
Brasil,Rio Grande do Sul,Relvado,Relvado - RS,4315453,4949,24,Antropic,4. Non vegetated area,4.2. Urban Area,26.9530135009766,33.612851361084,24.7090658707461,2,3306,2155,153.4106728538283,Relvado,RS
Brasil,Rio Grande do Sul,Rio Grande,Rio Grande - RS,4315602,4952,24,Antropic,4. Non vegetated area,4.2. Urban Area,5447.62551976315,5853.48161022333,7.450146655415215,4,217446,197253,110.23710665997474,Rio Grande,RS
Brasil,Rio Grande do Sul,Rio Pardo,Rio Pardo - RS,4315701,4953,24,Antropic,4. Non vegetated area,4.2. Urban Area,628.761738238524,683.857094445799,8.762517318821699,2,3502,37602,9.313334397106535,Rio Pardo,RS
Brasil,Rio Grande do Sul,Riozinho,Riozinho - RS,4315750,4954,24,Antropic,4. Non vegetated area,4.2. Urban Area,46.8505951965331,57.9204112426757,23.627909100633484,1,4473,4327,103.37416223711575,Riozinho,RS
Brasil,Rio Grande do Sul,Roca Sales,Roca Sales - RS,4315800,4955,24,Antropic,4. Non vegetated area,4.2. Urban Area,162.228175390627,193.906739868163,19.52716561180424,3,3681,10287,35.7830271216098,Roca Sales,RS
Brasil,Rio Grande do Sul,Rodeio Bonito,Rodeio Bonito - RS,4315909,4956,24,Antropic,4. Non vegetated area,4.2. Urban Area,121.064270104981,153.358633532715,26.67538770913161,1,6694,5743,116.5592895699112,Rodeio Bonito,RS
Brasil,Rio Grande do Sul,Rolador,Rolador - RS,4315958,4957,24,Antropic,4. Non vegetated area,4.2. Urban Area,45.2388415222168,55.5043782592774,22.691864759664973,2,4746,2546,186.4100549882168,Rolador,RS
Brasil,Rio Grande do Sul,Rolante,Rolante - RS,4316006,4958,24,Antropic,4. Non vegetated area,4.2. Urban Area,315.766619049075,361.834301953126,14.589155447394312,1,21253,19493,109.02888216282768,Rolante,RS
Brasil,Rio Grande do Sul,Ronda Alta,Ronda Alta - RS,4316105,4959,24,Antropic,4. Non vegetated area,4.2. Urban Area,236.312513140871,264.236469494632,11.816537339736602,1,10228,10228,100.0,Ronda Alta,RS
Brasil,Rio Grande do Sul,Rondinha,Rondinha - RS,4316204,4960,24,Antropic,4. Non vegetated area,4.2. Urban Area,78.6550868774416,98.557117816162,25.302916478537806,1,5520,5520,100.0,Rondinha,RS
Brasil,Rio Grande do Sul,Roque Gonzales,Roque Gonzales - RS,4316303,4961,24,Antropic,4. Non vegetated area,4.2. Urban Area,149.792514477539,175.02044586792,16.841917286970883,2,1800,7206,24.979184013322232,Roque Gonzales,RS
Brasil,Rio Grande do Sul,Sagrada Família,Sagrada Família - RS,4316428,4963,24,Antropic,4. Non vegetated area,4.2. Urban Area,52.546489025879,60.0074611022948,14.19880226962698,2,2835,2595,109.2485549132948,Sagrada Família,RS
Brasil,Rio Grande do Sul,Saldanha Marinho,Saldanha Marinho - RS,4316436,4964,24,Antropic,4. Non vegetated area,4.2. Urban Area,111.059465820312,119.18382199707,7.315320775901041,2,3310,2869,115.3712094806553,Saldanha Marinho,RS
Brasil,Rio Grande do Sul,Sananduva,Sananduva - RS,4316600,4968,24,Antropic,4. Non vegetated area,4.2. Urban Area,386.42878694458,481.31304546507897,24.554138233523187,1,0,15373,0.0,Sananduva,RS
Brasil,Rio Grande do Sul,Santa Maria,Santa Maria - RS,4316907,4973,24,Antropic,4. Non vegetated area,4.2. Urban Area,5430.86200922813,6139.00430333818,13.039224581784136,1,0,4762,0.0,Santa Maria,RN
Brasil,Rio Grande do Sul,Santa Maria,Santa Maria - RS,4316907,4973,24,Antropic,4. Non vegetated area,4.2. Urban Area,5430.86200922813,6139.00430333818,13.039224581784136,3,814592,261027,312.07193125615356,Santa Maria,RS
Brasil,Rio Grande do Sul,Santa Rosa,Santa Rosa - RS,4317202,4978,24,Antropic,4. Non vegetated area,4.2. Urban Area,1712.4761112549,2132.89579456178,24.55039696867929,2,2500,68595,3.644580508783439,Santa Rosa,RS
Brasil,Rio Grande do Sul,Santa Tereza,Santa Tereza - RS,4317251,4979,24,Antropic,4. Non vegetated area,4.2. Urban Area,18.2456621459961,19.4985606750489,6.866829600523655,3,2126,1717,123.82061735585324,Santa Tereza,RS
Brasil,Rio Grande do Sul,Santiago,Santiago - RS,4317400,4981,24,Antropic,4. Non vegetated area,4.2. Urban Area,1309.67061016848,1389.37625991211,6.085931006222746,1,49298,49082,100.44007986634612,Santiago,RS
Brasil,Rio Grande do Sul,Santo Ângelo,Santo Ângelo - RS,4317509,4982,24,Antropic,4. Non vegetated area,4.2. Urban Area,1845.98398087163,2072.91316241453,12.293128428760756,2,91304,76304,119.6582092681904,Santo Ângelo,RS
Brasil,Rio Grande do Sul,Santo Augusto,Santo Augusto - RS,4317806,4987,24,Antropic,4. Non vegetated area,4.2. Urban Area,384.632958715821,429.898143988036,11.76841044078553,1,13970,13970,100.0,Santo Augusto,RS
Brasil,Rio Grande do Sul,Santo Cristo,Santo Cristo - RS,4317905,4988,24,Antropic,4. Non vegetated area,4.2. Urban Area,342.87894909058,394.181941668703,14.962421202641412,1,15320,14378,106.55167617192932,Santo Cristo,RS
Brasil,Rio Grande do Sul,São Borja,São Borja - RS,4318002,4990,24,Antropic,4. Non vegetated area,4.2. Urban Area,1245.13441943967,1449.72625413812,16.431305046608518,1,1700,61662,2.756965391975609,São Borja,RS
Brasil,Rio Grande do Sul,São Gabriel,São Gabriel - RS,4318309,4994,24,Antropic,4. Non vegetated area,4.2. Urban Area,1430.25402729493,1538.87860964351,7.594775492716067,1,11900,60508,19.66682091624248,São Gabriel,RS
Brasil,Rio Grande do Sul,São Jerônimo,São Jerônimo - RS,4318408,4995,24,Antropic,4. Non vegetated area,4.2. Urban Area,424.04629211426,459.946429711916,8.466089260835382,1,22141,22141,100.0,São Jerônimo,RS
Brasil,Rio Grande do Sul,São Jorge,São Jorge - RS,4318440,4998,24,Antropic,4. Non vegetated area,4.2. Urban Area,61.8604114746101,76.9909208862318,24.459115371115576,2,5548,2774,200.0,São Jorge,RS
Brasil,Rio Grande do Sul,São Leopoldo,São Leopoldo - RS,4318705,5007,24,Antropic,4. Non vegetated area,4.2. Urban Area,4112.600773816,4315.14903220838,4.925064929276855,1,216437,214210,101.03963400401474,São Leopoldo,RS
Brasil,Rio Grande do Sul,São Luiz Gonzaga,São Luiz Gonzaga - RS,4318903,5009,24,Antropic,4. Non vegetated area,4.2. Urban Area,987.973364227324,1083.33407316286,9.652153832114276,2,49959,34558,144.56565773482262,São Luiz Gonzaga,RS
Brasil,Rio Grande do Sul,São Marcos,São Marcos - RS,4319000,5010,24,Antropic,4. Non vegetated area,4.2. Urban Area,591.180383123777,655.753748461902,10.922785528999036,1,365,20105,1.815468788858493,São Marcos,RS
Brasil,Rio Grande do Sul,São Martinho,São Martinho - RS,4319109,5011,24,Antropic,4. Non vegetated area,4.2. Urban Area,185.341450329589,213.83707670288,15.374664610974934,1,5773,5773,100.0,São Martinho,RS
Brasil,Rio Grande do Sul,São Nicolau,São Nicolau - RS,4319208,5014,24,Antropic,4. Non vegetated area,4.2. Urban Area,195.692970642091,230.072813250737,17.56825628219644,2,6228,5727,108.74803562074383,São Nicolau,RS
Brasil,Rio Grande do Sul,São Sepé,São Sepé - RS,4319604,5021,24,Antropic,4. Non vegetated area,4.2. Urban Area,555.794062695312,621.950259570315,11.90300532434258,3,20815,23798,87.4653332212791,São Sepé,RS
Brasil,Rio Grande do Sul,São Valentim,São Valentim - RS,4319703,5022,24,Antropic,4. Non vegetated area,4.2. Urban Area,59.5321907775877,69.9452053344726,17.491401577657257,2,3264,3632,89.86784140969164,São Valentim,RS
Brasil,Rio Grande do Sul,São Vendelino,São Vendelino - RS,4319752,5025,24,Antropic,4. Non vegetated area,4.2. Urban Area,30.3244262145996,43.9233017272949,44.844625967393114,1,115,1944,5.915637860082304,São Vendelino,RS
Brasil,Rio Grande do Sul,Sapiranga,Sapiranga - RS,4319901,5027,24,Antropic,4. Non vegetated area,4.2. Urban Area,1671.927008081,1875.31046492909,12.164613399093833,1,2828,75020,3.769661423620368,Sapiranga,RS
Brasil,Rio Grande do Sul,Sarandi,Sarandi - RS,4320107,5029,24,Antropic,4. Non vegetated area,4.2. Urban Area,503.283416790771,611.955483319088,21.592618175515007,1,21312,21312,100.0,Sarandi,RS
Brasil,Rio Grande do Sul,Seberi,Seberi - RS,4320206,5030,24,Antropic,4. Non vegetated area,4.2. Urban Area,220.70618562622,270.494226849365,22.558516464719418,1,11950,10902,109.6129150614566,Seberi,RS
Brasil,Rio Grande do Sul,Sede Nova,Sede Nova - RS,4320230,5031,24,Antropic,4. Non vegetated area,4.2. Urban Area,95.0757730895993,103.097918408203,8.437633539980418,2,392,3011,13.01893058784457,Sede Nova,RS
Brasil,Rio Grande do Sul,Segredo,Segredo - RS,4320263,5032,24,Antropic,4. Non vegetated area,4.2. Urban Area,67.709700567627,73.7315582763673,8.893641026703104,2,7165,7158,100.09779267951942,Segredo,RS
Brasil,Rio Grande do Sul,Selbach,Selbach - RS,4320305,5033,24,Antropic,4. Non vegetated area,4.2. Urban Area,169.370212347417,204.236423400884,20.58579874833506,1,0,4929,0.0,Selbach,RS
Brasil,Rio Grande do Sul,Senador Salgado Filho,Senador Salgado Filho - RS,4320321,5034,24,Antropic,4. Non vegetated area,4.2. Urban Area,63.9498165771485,89.1182208435059,39.356491720338944,1,2673,2814,94.98933901918976,Senador Salgado Filho,RS
Brasil,Rio Grande do Sul,Serafina Corrêa,Serafina Corrêa - RS,4320404,5036,24,Antropic,4. Non vegetated area,4.2. Urban Area,420.456758337406,494.465263360599,17.601930176087947,2,35035,14243,245.98048164010393,Serafina Corrêa,RS
Brasil,Rio Grande do Sul,Sério,Sério - RS,4320453,5037,24,Antropic,4. Non vegetated area,4.2. Urban Area,25.0067146423339,38.3698881347656,53.43834119580494,1,2281,2281,100.0,Sério,RS
Brasil,Rio Grande do Sul,Sertão,Sertão - RS,4320503,5038,24,Antropic,4. Non vegetated area,4.2. Urban Area,149.318048187257,154.700692877198,3.604818543563286,1,6294,6294,100.0,Sertão,RS
Brasil,Rio Grande do Sul,Sertão Santana,Sertão Santana - RS,4320552,5039,24,Antropic,4. Non vegetated area,4.2. Urban Area,67.8892249755859,78.0182107788087,14.919872493558945,1,2303,5850,39.36752136752137,Sertão Santana,RS
Brasil,Rio Grande do Sul,Silveira Martins,Silveira Martins - RS,4320651,5042,24,Antropic,4. Non vegetated area,4.2. Urban Area,61.1140250976562,68.2079552673338,11.607695873969949,1,2452,2452,100.0,Silveira Martins,RS
Brasil,Rio Grande do Sul,Sinimbu,Sinimbu - RS,4320677,5043,24,Antropic,4. Non vegetated area,4.2. Urban Area,39.6574436584472,44.4963433654785,12.20174388623407,2,17156,10067,170.4181980729115,Sinimbu,RS
Brasil,Rio Grande do Sul,Sobradinho,Sobradinho - RS,4320701,5044,24,Antropic,4. Non vegetated area,4.2. Urban Area,308.125042785646,350.937914825439,13.894642140326374,2,14859,14285,104.0182009100455,Sobradinho,RS
Brasil,Rio Grande do Sul,Soledade,Soledade - RS,4320800,5045,24,Antropic,4. Non vegetated area,4.2. Urban Area,830.05114873655,904.297511053448,8.94479363469481,3,34949,30065,116.24480292699153,Soledade,RS
Brasil,Rio Grande do Sul,Tabaí,Tabaí - RS,4320859,5046,24,Antropic,4. Non vegetated area,4.2. Urban Area,90.0741555664063,112.514190197754,24.912844855707807,2,106,4131,2.565964657467925,Tabaí,RS
Brasil,Rio Grande do Sul,Tapera,Tapera - RS,4321006,5048,24,Antropic,4. Non vegetated area,4.2. Urban Area,266.974105932626,294.126964508068,10.170596313297263,1,36,10452,0.3444316877152698,Tapera,RS
Brasil,Rio Grande do Sul,Tapes,Tapes - RS,4321105,5049,24,Antropic,4. Non vegetated area,4.2. Urban Area,523.07295262451,535.808431109616,2.4347423091188225,1,3000,16649,18.019100246261036,Tapes,RS
Brasil,Rio Grande do Sul,Taquara,Taquara - RS,4321204,5050,24,Antropic,4. Non vegetated area,4.2. Urban Area,973.908825372283,1098.15552357788,12.75752873048491,2,26092,54656,47.738583138173304,Taquara,RS
Brasil,Rio Grande do Sul,Taquari,Taquari - RS,4321303,5051,24,Antropic,4. Non vegetated area,4.2. Urban Area,625.317712994378,712.976957275378,14.018352984315378,1,25198,26135,96.41476946623304,Taquari,RS
Brasil,Rio Grande do Sul,Tavares,Tavares - RS,4321352,5053,24,Antropic,4. Non vegetated area,4.2. Urban Area,172.914234399414,185.795769281005,7.449667129101692,2,2362,5351,44.141282003363855,Tavares,RS
Brasil,Rio Grande do Sul,Tenente Portela,Tenente Portela - RS,4321402,5054,24,Antropic,4. Non vegetated area,4.2. Urban Area,302.137668988039,365.910898699952,21.10734153920993,2,28213,13716,205.69407990667833,Tenente Portela,RS
Brasil,Rio Grande do Sul,Teutônia,Teutônia - RS,4321451,5056,24,Antropic,4. Non vegetated area,4.2. Urban Area,812.403591796879,1004.93060773315,23.698444699196695,2,361,27265,1.32404181184669,Teutônia,RS
Brasil,Rio Grande do Sul,Tio Hugo,Tio Hugo - RS,4321469,5057,24,Antropic,4. Non vegetated area,4.2. Urban Area,120.092704193114,151.35599165039,26.03262843261764,1,3267,2724,119.9339207048458,Tio Hugo,RS
Brasil,Rio Grande do Sul,Toropi,Toropi - RS,4321493,5059,24,Antropic,4. Non vegetated area,4.2. Urban Area,34.0421176757812,36.6967062561035,7.79795371605471,1,11,2952,0.3726287262872628,Toropi,RS
Brasil,Rio Grande do Sul,Torres,Torres - RS,4321501,5060,24,Antropic,4. Non vegetated area,4.2. Urban Area,1751.77344367675,1925.86774238279,9.938174330388192,1,70,34646,0.2020435259481613,Torres,RS
Brasil,Rio Grande do Sul,Tramandaí,Tramandaí - RS,4321600,5061,24,Antropic,4. Non vegetated area,4.2. Urban Area,2174.43986867061,2269.73354613646,4.382447122996781,1,6,41655,0.0144040331292761,Tramandaí,RS
Brasil,Rio Grande do Sul,Travesseiro,Travesseiro - RS,4321626,5062,24,Antropic,4. Non vegetated area,4.2. Urban Area,9.93113845214842,19.1583980102539,92.91240478184385,1,2568,2314,110.97666378565252,Travesseiro,RS
Brasil,Rio Grande do Sul,Três Arroios,Três Arroios - RS,4321634,5063,24,Antropic,4. Non vegetated area,4.2. Urban Area,47.9526612121582,58.131815930176,21.227507422334515,1,2591,2855,90.75306479859894,Três Arroios,RS
Brasil,Rio Grande do Sul,Três Cachoeiras,Três Cachoeiras - RS,4321667,5064,24,Antropic,4. Non vegetated area,4.2. Urban Area,251.396864501954,292.709058953855,16.433058755026707,1,0,10239,0.0,Três Cachoeiras,RS
Brasil,Rio Grande do Sul,Três Coroas,Três Coroas - RS,4321709,5065,24,Antropic,4. Non vegetated area,4.2. Urban Area,368.253047595216,426.71871356811903,15.876492090071858,1,19323,23855,81.00188639698176,Três Coroas,RS
Brasil,Rio Grande do Sul,Três Forquilhas,Três Forquilhas - RS,4321832,5067,24,Antropic,4. Non vegetated area,4.2. Urban Area,17.6355978393555,19.8985665527344,12.831823077349108,1,892,2912,30.631868131868135,Três Forquilhas,RS
Brasil,Rio Grande do Sul,Três Palmeiras,Três Palmeiras - RS,4321857,5068,24,Antropic,4. Non vegetated area,4.2. Urban Area,122.748214123535,144.596552581786,17.799312694083362,2,9333,4381,213.03355398310887,Três Palmeiras,RS
Brasil,Rio Grande do Sul,Três Passos,Três Passos - RS,4321907,5069,24,Antropic,4. Non vegetated area,4.2. Urban Area,760.726650463868,876.883923028563,15.269252430405292,1,25436,23973,106.10269886956158,Três Passos,RS
Brasil,Rio Grande do Sul,Triunfo,Triunfo - RS,4322004,5071,24,Antropic,4. Non vegetated area,4.2. Urban Area,1291.48448773195,1367.16481888429,5.859948909277782,1,27498,25811,106.53597303475262,Triunfo,RS
Brasil,Rio Grande do Sul,Tucunduva,Tucunduva - RS,4322103,5072,24,Antropic,4. Non vegetated area,4.2. Urban Area,141.828910729981,167.717601361086,18.253465036048127,1,5901,5901,100.0,Tucunduva,RS
Brasil,Rio Grande do Sul,Tunas,Tunas - RS,4322152,5073,24,Antropic,4. Non vegetated area,4.2. Urban Area,59.3165818725587,65.4284186828612,10.30375759586712,1,3681,4395,83.7542662116041,Tunas,RS
Brasil,Rio Grande do Sul,Tupanciretã,Tupanciretã - RS,4322202,5075,24,Antropic,4. Non vegetated area,4.2. Urban Area,602.254300750728,660.6497843811,9.696150539328686,1,20005,22286,89.76487480929731,Tupanciretã,RS
Brasil,Rio Grande do Sul,Tupandi,Tupandi - RS,4322251,5076,24,Antropic,4. Non vegetated area,4.2. Urban Area,98.5951534301759,140.362818005371,42.36279687396048,1,5029,3919,128.32355192651187,Tupandi,RS
Brasil,Rio Grande do Sul,Tuparendi,Tuparendi - RS,4322301,5077,24,Antropic,4. Non vegetated area,4.2. Urban Area,216.604022351075,260.242155065919,20.14650154747111,1,8557,8557,100.0,Tuparendi,RS
Brasil,Rio Grande do Sul,Turuçu,Turuçu - RS,4322327,5078,24,Antropic,4. Non vegetated area,4.2. Urban Area,56.7347740905761,78.783127532959,38.86215076345078,1,1400,3522,39.75014196479273,Turuçu,RS
Brasil,Rio Grande do Sul,Ubiretama,Ubiretama - RS,4322343,5079,24,Antropic,4. Non vegetated area,4.2. Urban Area,29.2005589782715,33.632055041504,15.176065864115944,1,2296,2296,100.0,Ubiretama,RS
Brasil,Rio Grande do Sul,Uruguaiana,Uruguaiana - RS,4322400,5082,24,Antropic,4. Non vegetated area,4.2. Urban Area,2573.11878776247,2630.26243592533,2.2207932426062107,2,6693,125507,5.332770283729194,Uruguaiana,RS
Brasil,Rio Grande do Sul,Vacaria,Vacaria - RS,4322509,5083,24,Antropic,4. Non vegetated area,4.2. Urban Area,1785.54981797491,1872.94850643319,4.894777372126402,5,64827,61345,105.67609422120792,Vacaria,RS
Brasil,Rio Grande do Sul,Vale Verde,Vale Verde - RS,4322525,5084,24,Antropic,4. Non vegetated area,4.2. Urban Area,24.832477154541,35.7298288757324,43.88346620988899,2,3086,3253,94.86627728250843,Vale Verde,RS
Brasil,Rio Grande do Sul,Vale Real,Vale Real - RS,4322541,5086,24,Antropic,4. Non vegetated area,4.2. Urban Area,92.9872801757811,144.563047808839,55.46540078982869,1,6058,5121,118.2972075766452,Vale Real,RS
Brasil,Rio Grande do Sul,Vanini,Vanini - RS,4322558,5087,24,Antropic,4. Non vegetated area,4.2. Urban Area,61.1664317565913,73.6204902587886,20.360936782707217,1,100,1984,5.040322580645161,Vanini,RS
Brasil,Rio Grande do Sul,Venâncio Aires,Venâncio Aires - RS,4322608,5088,24,Antropic,4. Non vegetated area,4.2. Urban Area,1409.80773515012,1597.87542471313,13.339953021536246,2,23647,65964,35.84834151961676,Venâncio Aires,RS
Brasil,Rio Grande do Sul,Vera Cruz,Vera Cruz - RS,4322707,5089,24,Antropic,4. Non vegetated area,4.2. Urban Area,528.920697393819,671.007086688276,26.86345798048127,2,53390,23986,222.5881764362545,Vera Cruz,RS
Brasil,Rio Grande do Sul,Veranópolis,Veranópolis - RS,4322806,5090,24,Antropic,4. Non vegetated area,4.2. Urban Area,545.535996905524,612.403592559824,12.25722885998302,1,23336,22815,102.28358536050844,Veranópolis,RS
Brasil,Rio Grande do Sul,Viadutos,Viadutos - RS,4322905,5092,24,Antropic,4. Non vegetated area,4.2. Urban Area,98.7848623168936,112.29516177368,13.676487611478857,1,4769,5311,89.79476558086989,Viadutos,RS
Brasil,Rio Grande do Sul,Viamão,Viamão - RS,4323002,5093,24,Antropic,4. Non vegetated area,4.2. Urban Area,3759.73751773687,4029.82908517472,7.183787861883206,2,778,239234,0.3252046113846694,Viamão,RS
Brasil,Rio Grande do Sul,Vicente Dutra,Vicente Dutra - RS,4323101,5094,24,Antropic,4. Non vegetated area,4.2. Urban Area,59.7323818115235,93.6266625488279,56.74356138058025,1,5285,5285,100.0,Vicente Dutra,RS
Brasil,Rio Grande do Sul,Victor Graeff,Victor Graeff - RS,4323200,5095,24,Antropic,4. Non vegetated area,4.2. Urban Area,78.522633776855,95.8499291320787,22.0666252796159,2,3039,3036,100.09881422924904,Victor Graeff,RS
Brasil,Rio Grande do Sul,Vila Flores,Vila Flores - RS,4323309,5096,24,Antropic,4. Non vegetated area,4.2. Urban Area,130.846910534667,159.986519512939,22.27000153018643,1,200,3207,6.236357966947303,Vila Flores,RS
Brasil,Rio Grande do Sul,Vila Maria,Vila Maria - RS,4323408,5098,24,Antropic,4. Non vegetated area,4.2. Urban Area,99.5780729980452,130.618198553464,31.171647151705915,1,85,4221,2.0137408197109687,Vila Maria,RS
Brasil,Rio Grande do Sul,Vista Alegre,Vista Alegre - RS,4323507,5100,24,Antropic,4. Non vegetated area,4.2. Urban Area,46.8934224731445,55.4122769775391,18.16641664249029,2,2832,2832,100.0,Vista Alegre,RS
Brasil,Rio Grande do Sul,Vista Gaúcha,Vista Gaúcha - RS,4323705,5102,24,Antropic,4. Non vegetated area,4.2. Urban Area,42.3055060058594,62.6215942749023,48.02232661211777,1,2783,2759,100.86988039144616,Vista Gaúcha,RS
