arquivo,estacao,uf,latitude,longitude
INMET_N_PA_A256_SANTA MARIA DAS BARREIRAS_01-01-2024_A_31-12-2024.CSV,SANTA MARIA DAS BARREIRAS,PA,-8.72972221,-49.85638888
INMET_SE_RJ_A667_SAQUAREMA - SAMPAIO CORREIA_01-01-2024_A_31-12-2024.CSV,SAQUAREMA - SAMPAIO CORREIA,RJ,-22.8711111,-42.60888888
INMET_SE_SP_A765_BERTIOGA_01-01-2024_A_31-12-2024.CSV,BERTIOGA,SP,-23.84472221,-46.14333333
INMET_CO_MS_A761_SONORA_01-01-2024_A_31-12-2024.CSV,SONORA,MS,-17.63527777,-54.76055555
INMET_NE_PB_A352_CAMARATUBA_01-01-2024_A_31-12-2024.CSV,CAMARATUBA,PB,-6.56194444,-35.13527777
INMET_NE_BA_A440_JACOBINA_01-01-2024_A_31-12-2024.CSV,JACOBINA,BA,-11.205,-40.465
INMET_NE_BA_A408_ITABERABA_01-01-2024_A_31-12-2024.CSV,ITABERABA,BA,-12.52416666,-40.29972221
INMET_N_TO_A051_PIUM_01-01-2024_A_31-12-2024.CSV,PIUM,TO,-10.47694443,-49.62944443
INMET_N_PA_A246_MINA DO PALITO_01-01-2024_A_31-12-2024.CSV,MINA DO PALITO,PA,-6.31999999,-55.78777777
INMET_S_RS_A879_CANELA_01-01-2024_A_31-12-2024.CSV,CANELA,RS,-29.36888888,-50.82722221
INMET_SE_RJ_A637_Paty do Alferes - Avelar_01-01-2024_A_31-12-2024.CSV,Paty do Alferes - Avelar,RJ,-22.34722221,-43.41777777
INMET_SE_RJ_A620_CAMPOS DOS GOYTACAZES - SAO TOME_01-01-2024_A_31-12-2024.CSV,CAMPOS DOS GOYTACAZES - SAO TOME,RJ,-22.04166666,-41.05166666
INMET_CO_MT_A921_SAO FELIX  DO ARAGUAIA_01-01-2024_A_31-12-2024.CSV,SAO FELIX  DO ARAGUAIA,MT,-11.61888888,-50.72777777
INMET_CO_GO_A025_RIO VERDE_01-01-2024_A_31-12-2024.CSV,RIO VERDE,GO,-17.78527777,-50.965
INMET_N_PA_A240_MARABA_01-01-2024_A_31-12-2024.CSV,MARABA,PA,-5.36638888,-49.05111111
INMET_NE_CE_A369_QUIXADA_01-01-2024_A_31-12-2024.CSV,QUIXADA,CE,-4.97888888,-39.05722222
INMET_N_PA_A252_DOM ELISEU_01-01-2024_A_31-12-2024.CSV,DOM ELISEU,PA,-4.28055554,-47.56388888
INMET_S_RS_A880_VACARIA_01-01-2024_A_31-12-2024.CSV,VACARIA,RS,-28.51361111,-50.88277777
INMET_S_RS_A812_CACAPAVA DO SUL_01-01-2024_A_31-12-2024.CSV,CACAPAVA DO SUL,RS,-30.54527777,-53.46694443
INMET_NE_BA_A432_BURITIRAMA_01-01-2024_A_31-12-2024.CSV,BURITIRAMA,BA,-10.72305554,-43.65111111
INMET_N_AM_A134_S. G. DA CACHOEIRA_01-01-2024_A_31-12-2024.CSV,S. G. DA CACHOEIRA,AM,-.125207,-67.061246
INMET_NE_PI_A376_CAMPO MAIOR_01-01-2024_A_31-12-2024.CSV,CAMPO MAIOR,PI,-4.86416666,-42.14555555
INMET_S_SC_A806_FLORIANOPOLIS_01-01-2024_A_31-12-2024.CSV,FLORIANOPOLIS,SC,-27.6025,-48.61999999
INMET_SE_MG_A539_MOCAMBINHO_01-01-2024_A_31-12-2024.CSV,MOCAMBINHO,MG,-15.08583333,-44.01611111
INMET_NE_CE_A314_GUARAMIRANGA_01-01-2024_A_31-12-2024.CSV,GUARAMIRANGA,CE,-4.22916666,-38.95888888
INMET_S_RS_A894_SERAFINA CORREA_01-01-2024_A_31-12-2024.CSV,SERAFINA CORREA,RS,-28.70472222,-51.87083332
INMET_S_RS_A805_SANTO AUGUSTO_01-01-2024_A_31-12-2024.CSV,SANTO AUGUSTO,RS,-27.85444444,-53.7911111
INMET_SE_MG_A537_DIAMANTINA_01-01-2024_A_31-12-2024.CSV,DIAMANTINA,MG,-18.231052,-43.648269
INMET_SE_RJ_A627_NITEROI_01-01-2024_A_31-12-2024.CSV,NITEROI,RJ,-22.86749999,-43.10194444
INMET_CO_GO_A002_GOIANIA_01-01-2024_A_31-12-2024.CSV,GOIANIA,GO,-16.64277777,-49.22027777
INMET_NE_BA_A446_ITAPETINGA_01-01-2024_A_31-12-2024.CSV,ITAPETINGA,BA,-15.24472221,-40.22944443
INMET_N_AM_A113_APUI_01-01-2024_A_31-12-2024.CSV,APUI,AM,-7.20555555,-59.8886111
INMET_SE_MG_A520_CONCEICAO DAS ALAGOAS_01-01-2024_A_31-12-2024.CSV,CONCEICAO DAS ALAGOAS,MG,-19.98583333,-48.15166666
INMET_N_TO_A021_ARAGUAINA_01-01-2024_A_31-12-2024.CSV,ARAGUAINA,TO,-7.10388888,-48.20111111
INMET_SE_MG_A518_JUIZ DE FORA_01-01-2024_A_31-12-2024.CSV,JUIZ DE FORA,MG,-21.769965,-43.364329
INMET_NE_BA_A414_VITORIA DA CONQUISTA_01-01-2024_A_31-12-2024.CSV,VITORIA DA CONQUISTA,BA,-14.88638888,-40.80138888
INMET_SE_MG_A536_DORES DO INDAIA_01-01-2024_A_31-12-2024.CSV,DORES DO INDAIA,MG,-19.48194443,-45.59388888
INMET_CO_MT_A944_ROSARIO OESTE_01-01-2024_A_31-12-2024.CSV,ROSARIO OESTE,MT,-14.82888888,-56.44194444
INMET_N_AC_A140_EPITACIOLANDIA_01-01-2024_A_31-12-2024.CSV,EPITACIOLANDIA,AC,-11.02388888,-68.73527777
INMET_NE_BA_A430_PIATA_01-01-2024_A_31-12-2024.CSV,PIATA,BA,-13.15555555,-41.77416666
INMET_SE_MG_A512_ITUIUTABA_01-01-2024_A_31-12-2024.CSV,ITUIUTABA,MG,-18.95277777,-49.52499999
INMET_N_TO_A038_DIANOPOLIS_01-01-2024_A_31-12-2024.CSV,DIANOPOLIS,TO,-11.59444444,-46.84722221
INMET_S_RS_A840_BENTO GONCALVES_01-01-2024_A_31-12-2024.CSV,BENTO GONCALVES,RS,-29.164581,-51.534202
INMET_CO_GO_A026_MINEIROS_01-01-2024_A_31-12-2024.CSV,MINEIROS,GO,-17.45472222,-52.60111111
INMET_S_RS_A802_RIO GRANDE_01-01-2024_A_31-12-2024.CSV,RIO GRANDE,RS,-32.07888888,-52.16777777
INMET_NE_MA_A207_GRAJAU_01-01-2024_A_31-12-2024.CSV,GRAJAU,MA,-5.81611111,-46.16222222
INMET_N_TO_A044_ARAGUATINS_01-01-2024_A_31-12-2024.CSV,ARAGUATINS,TO,-5.6436111,-48.11194444
INMET_SE_MG_A568_UBERABA_01-01-2024_A_31-12-2024.CSV,UBERABA,MG,-19.71,-47.96194444
INMET_N_PA_A226_BRAGANCA_01-01-2024_A_31-12-2024.CSV,BRAGANCA,PA,-1.05583333,-46.78277777
INMET_SE_SP_A744_BRAGANCA PAULISTA_01-01-2024_A_31-12-2024.CSV,BRAGANCA PAULISTA,SP,-22.94916666,-46.5261111
INMET_SE_SP_A771_SAO PAULO - INTERLAGOS_01-01-2024_A_31-12-2024.CSV,SAO PAULO - INTERLAGOS,SP,-23.72444443,-46.67749999
INMET_NE_CE_A324_TAUA_01-01-2024_A_31-12-2024.CSV,TAUA,CE,-6.01749999,-40.28138888
INMET_S_RS_A889_SAO VICENTE DO SUL_01-01-2024_A_31-12-2024.CSV,SAO VICENTE DO SUL,RS,-29.70222222,-54.69444444
INMET_SE_RJ_A628_ANGRA DOS REIS_01-01-2024_A_31-12-2024.CSV,ANGRA DOS REIS,RJ,-22.97555554,-44.30333333
INMET_S_PR_A869_CIDADE GAUCHA_01-01-2024_A_31-12-2024.CSV,CIDADE GAUCHA,PR,-23.35916666,-52.93194443
INMET_CO_MT_A917_SINOP_01-01-2024_A_31-12-2024.CSV,SINOP,MT,-11.98222221,-55.56611111
INMET_NE_PE_A341_CARUARU_01-01-2024_A_31-12-2024.CSV,CARUARU,PE,-8.36527777,-36.02833332
INMET_N_PA_A235_NOVO REPARTIMENTO_01-01-2024_A_31-12-2024.CSV,NOVO REPARTIMENTO,PA,-4.24388888,-49.93944444
INMET_S_RS_A881_DOM PEDRITO_01-01-2024_A_31-12-2024.CSV,DOM PEDRITO,RS,-31.0025,-54.61805554
INMET_SE_RJ_A625_TRES RIOS_01-01-2024_A_31-12-2024.CSV,TRES RIOS,RJ,-22.09833333,-43.20833333
INMET_NE_PI_A345_SAO RAIMUNDO NONATO_01-01-2024_A_31-12-2024.CSV,SAO RAIMUNDO NONATO,PI,-9.03305554,-42.70111111
INMET_N_PA_A232_OBIDOS_01-01-2024_A_31-12-2024.CSV,OBIDOS,PA,-1.88083332,-55.51972221
INMET_NE_RN_A372_IPANGUACU_01-01-2024_A_31-12-2024.CSV,IPANGUACU,RN,-5.53499999,-36.87222221
INMET_CO_MS_A749_JUTI_01-01-2024_A_31-12-2024.CSV,JUTI,MS,-22.85722222,-54.60555555
INMET_NE_PE_A322_GARANHUNS_01-01-2024_A_31-12-2024.CSV,GARANHUNS,PE,-8.91083333,-36.49333333
INMET_SE_RJ_A619_PARATY_01-01-2024_A_31-12-2024.CSV,PARATY,RJ,-23.2236111,-44.72694443
INMET_NE_AL_A327_PALMEIRA DOS INDIOS_01-01-2024_A_31-12-2024.CSV,PALMEIRA DOS INDIOS,AL,-9.42027777,-36.62027777
INMET_NE_BA_A442_EUCLIDES DA CUNHA_01-01-2024_A_31-12-2024.CSV,EUCLIDES DA CUNHA,BA,-10.53722221,-38.99666666
INMET_S_PR_A855_PLANALTO_01-01-2024_A_31-12-2024.CSV,PLANALTO,PR,-25.72194443,-53.74805555
INMET_SE_MG_A508_ALMENARA_01-01-2024_A_31-12-2024.CSV,ALMENARA,MG,-16.16666666,-40.68777777
INMET_NE_AL_A323_PAO DE ACUCAR_01-01-2024_A_31-12-2024.CSV,PAO DE ACUCAR,AL,-9.74916666,-37.43083332
INMET_SE_RJ_A611_VALENCA_01-01-2024_A_31-12-2024.CSV,VALENCA,RJ,-22.35805555,-43.69555555
INMET_SE_MG_A565_BAMBUI_01-01-2024_A_31-12-2024.CSV,BAMBUI,MG,-20.0311111,-46.00888888
INMET_SE_MG_A556_MANHUACU_01-01-2024_A_31-12-2024.CSV,MANHUACU,MG,-20.26333333,-42.18277777
INMET_CO_DF_A047_PARANOA (COOPA-DF)_01-01-2024_A_31-12-2024.CSV,PARANOA (COOPA-DF),DF,-16.012222,-47.557417
INMET_SE_RJ_A621_RIO DE JANEIRO - VILA MILITAR_01-01-2024_A_31-12-2024.CSV,RIO DE JANEIRO - VILA MILITAR,RJ,-22.86138888,-43.41138888
INMET_CO_GO_A016_JATAI_01-01-2024_A_31-12-2024.CSV,JATAI,GO,-17.9236111,-51.71749999
INMET_SE_MG_A542_UNAI_01-01-2024_A_31-12-2024.CSV,UNAI,MG,-16.55416666,-46.88194443
INMET_NE_CE_A368_TIANGUA_01-01-2024_A_31-12-2024.CSV,TIANGUA,CE,-3.73222221,-41.01194444
INMET_NE_SE_A409_ARACAJU_01-01-2024_A_31-12-2024.CSV,ARACAJU,SE,-10.9525,-37.05444444
INMET_CO_MS_A703_PONTA PORA_01-01-2024_A_31-12-2024.CSV,PONTA PORA,MS,-22.5525,-55.71638888
INMET_NE_BA_A452_FORMOSA DO RIO PRETO_01-01-2024_A_31-12-2024.CSV,FORMOSA DO RIO PRETO,BA,-11.05222222,-45.20083333
INMET_CO_MT_A903_S.J. DO RIO CLARO_01-01-2024_A_31-12-2024.CSV,S.J. DO RIO CLARO,MT,-13.45388888,-56.67722221
INMET_S_RS_A813_RIO PARDO_01-01-2024_A_31-12-2024.CSV,RIO PARDO,RS,-29.87222221,-52.38194443
INMET_SE_MG_A566_ARACUAI_01-01-2024_A_31-12-2024.CSV,ARACUAI,MG,-16.84888888,-42.03527777
INMET_CO_MT_A933_ITIQUIRA_01-01-2024_A_31-12-2024.CSV,ITIQUIRA,MT,-17.17499999,-54.50166666
INMET_SE_RJ_A601_SEROPEDICA-ECOLOGIA AGRICOLA_01-01-2024_A_31-12-2024.CSV,SEROPEDICA-ECOLOGIA AGRICOLA,RJ,-22.75777777,-43.68472221
INMET_SE_MG_A554_CARATINGA_01-01-2024_A_31-12-2024.CSV,CARATINGA,MG,-19.73583333,-42.13722221
INMET_SE_SP_A739_ITAPIRA_01-01-2024_A_31-12-2024.CSV,ITAPIRA,SP,-22.415,-46.80527777
INMET_N_TO_A009_PALMAS_01-01-2024_A_31-12-2024.CSV,PALMAS,TO,-10.14777777,-48.31444444
INMET_NE_AL_A303_MACEIO_01-01-2024_A_31-12-2024.CSV,MACEIO,AL,-9.55111111,-35.77027777
INMET_NE_BA_A406_CRUZ DAS ALMAS_01-01-2024_A_31-12-2024.CSV,CRUZ DAS ALMAS,BA,-12.67555554,-39.08944444
INMET_S_RS_A837_SOLEDADE_01-01-2024_A_31-12-2024.CSV,SOLEDADE,RS,-28.859211,-52.542387
INMET_CO_MS_A719_AQUIDAUANA_01-01-2024_A_31-12-2024.CSV,AQUIDAUANA,MS,-20.47555554,-55.78388888
INMET_N_PA_A201_BELEM_01-01-2024_A_31-12-2024.CSV,BELEM,PA,-1.411228,-48.439512
INMET_S_PR_A818_IVAI_01-01-2024_A_31-12-2024.CSV,IVAI,PR,-25.01083333,-50.85388888
INMET_SE_MG_A562_PATOS DE MINAS_01-01-2024_A_31-12-2024.CSV,PATOS DE MINAS,MG,-18.52055554,-46.44055555
INMET_NE_MA_A225_IMPERATRIZ_01-01-2024_A_31-12-2024.CSV,IMPERATRIZ,MA,-5.55583333,-47.45972222
INMET_SE_MG_A509_MONTE VERDE_01-01-2024_A_31-12-2024.CSV,MONTE VERDE,MG,-22.86166666,-46.04333333
INMET_SE_RJ_A629_CARMO_01-01-2024_A_31-12-2024.CSV,CARMO,RJ,-21.9386111,-42.60083333
INMET_NE_BA_A425_LENCOIS_01-01-2024_A_31-12-2024.CSV,LENCOIS,BA,-12.55777777,-41.38888888
INMET_SE_RJ_A609_RESENDE_01-01-2024_A_31-12-2024.CSV,RESENDE,RJ,-22.45138888,-44.44499999
INMET_NE_PI_A326_BOM JESUS DO PIAUI_01-01-2024_A_31-12-2024.CSV,BOM JESUS DO PIAUI,PI,-9.07999999,-44.32777777
INMET_CO_GO_A023_CAIAPONIA_01-01-2024_A_31-12-2024.CSV,CAIAPONIA,GO,-16.96694443,-51.81749999
INMET_SE_MG_A527_TEOFILO OTONI_01-01-2024_A_31-12-2024.CSV,TEOFILO OTONI,MG,-17.89277777,-41.51555555
INMET_CO_MT_A928_NOVA MARINGA_01-01-2024_A_31-12-2024.CSV,NOVA MARINGA,MT,-13.0386111,-57.09222221
INMET_N_AM_A124_URUCARA_01-01-2024_A_31-12-2024.CSV,URUCARA,AM,-2.53472221,-57.75805555
INMET_NE_CE_A360_ACARAU_01-01-2024_A_31-12-2024.CSV,ACARAU,CE,-3.1211111,-40.08722221
INMET_N_TO_A053_ALMAS_01-01-2024_A_31-12-2024.CSV,ALMAS,TO,-11.28416666,-47.21222222
INMET_N_AM_A125_RIO URUBU_01-01-2024_A_31-12-2024.CSV,RIO URUBU,AM,-2.6336111,-59.60055555
INMET_S_SC_A898_CAMPOS NOVOS_01-01-2024_A_31-12-2024.CSV,CAMPOS NOVOS,SC,-27.3886111,-51.21583333
INMET_CO_MT_A908_AGUA BOA_01-01-2024_A_31-12-2024.CSV,AGUA BOA,MT,-14.01638888,-52.21166666
INMET_SE_SP_A737_IBITINGA_01-01-2024_A_31-12-2024.CSV,IBITINGA,SP,-21.85555555,-48.79972221
INMET_SE_SP_A746_BARRA DO TURVO_01-01-2024_A_31-12-2024.CSV,BARRA DO TURVO,SP,-24.96277777,-48.41638888
INMET_SE_MG_A550_ITAOBIM_01-01-2024_A_31-12-2024.CSV,ITAOBIM,MG,-16.57555554,-41.48555555
INMET_SE_SP_A741_BARRA BONITA_01-01-2024_A_31-12-2024.CSV,BARRA BONITA,SP,-22.4711111,-48.5575
INMET_NE_BA_A438_MARAU_01-01-2024_A_31-12-2024.CSV,MARAU,BA,-13.90694444,-38.97222221
INMET_NE_MA_A223_ALTO PARNAIBA_01-01-2024_A_31-12-2024.CSV,ALTO PARNAIBA,MA,-9.10833333,-45.93194443
INMET_NE_PB_A373_ITAPORANGA_01-01-2024_A_31-12-2024.CSV,ITAPORANGA,PB,-7.31833332,-38.14083333
INMET_S_PR_A842_NOVA FATIMA_01-01-2024_A_31-12-2024.CSV,NOVA FATIMA,PR,-23.41527777,-50.57777777
INMET_N_AM_A144_NOVO ARIPUANA_01-01-2024_A_31-12-2024.CSV,NOVO ARIPUANA,AM,-8.0911111,-60.38055554
INMET_SE_SP_A708_FRANCA_01-01-2024_A_31-12-2024.CSV,FRANCA,SP,-20.58444444,-47.38249999
INMET_CO_MT_A911_SAPEZAL_01-01-2024_A_31-12-2024.CSV,SAPEZAL,MT,-13.30388888,-58.76333333
INMET_NE_PI_A330_PAULISTANA_01-01-2024_A_31-12-2024.CSV,PAULISTANA,PI,-8.132288,-41.142945
INMET_CO_GO_A013_ARAGARCAS_01-01-2024_A_31-12-2024.CSV,ARAGARCAS,GO,-15.90277777,-52.24527777
INMET_N_TO_A054_ARAGUACU_01-01-2024_A_31-12-2024.CSV,ARAGUACU,TO,-12.59222221,-49.5286111
INMET_NE_BA_A410_ILHEUS_01-01-2024_A_31-12-2024.CSV,ILHEUS,BA,-14.65888888,-39.18138888
INMET_NE_BA_A443_DELFINO_01-01-2024_A_31-12-2024.CSV,DELFINO,BA,-10.455,-41.20694444
INMET_S_PR_A821_JOAQUIM TAVORA_01-01-2024_A_31-12-2024.CSV,JOAQUIM TAVORA,PR,-23.50527777,-49.94638888
INMET_SE_SP_A707_PRESIDENTE PRUDENTE_01-01-2024_A_31-12-2024.CSV,PRESIDENTE PRUDENTE,SP,-22.11999999,-51.40861111
INMET_NE_PI_A365_CANTO DO BURITI_01-01-2024_A_31-12-2024.CSV,CANTO DO BURITI,PI,-8.11805554,-42.97583332
INMET_N_RO_A940_ARIQUEMES_01-01-2024_A_31-12-2024.CSV,ARIQUEMES,RO,-9.94888888,-62.96194444
INMET_NE_PI_A311_FLORIANO_01-01-2024_A_31-12-2024.CSV,FLORIANO,PI,-6.76138888,-43.00333333
INMET_SE_MG_A517_MURIAE_01-01-2024_A_31-12-2024.CSV,MURIAE,MG,-21.105,-42.37583332
INMET_SE_SP_A714_ITAPEVA_01-01-2024_A_31-12-2024.CSV,ITAPEVA,SP,-23.98194443,-48.88583333
INMET_S_PR_A871_JAPIRA_01-01-2024_A_31-12-2024.CSV,JAPIRA,PR,-23.77333332,-50.18055554
INMET_CO_DF_A045_AGUAS EMENDADAS_01-01-2024_A_31-12-2024.CSV,AGUAS EMENDADAS,DF,-15.596491,-47.625801
INMET_SE_MG_A570_OLIVEIRA_01-01-2024_A_31-12-2024.CSV,OLIVEIRA,MG,-20.715,-44.86444444
INMET_SE_MG_A569_SETE LAGOAS_01-01-2024_A_31-12-2024.CSV,SETE LAGOAS,MG,-19.45527777,-44.17333332
INMET_NE_CE_A347_CAMPOS SALES_01-01-2024_A_31-12-2024.CSV,CAMPOS SALES,CE,-7.07777777,-40.36277777
INMET_N_AC_A102_PARQUE ESTADUAL CHANDLESS_01-01-2024_A_31-12-2024.CSV,PARQUE ESTADUAL CHANDLESS,AC,-9.35833333,-69.92638888
INMET_S_SC_A857_SAO MIGUEL DO OESTE_01-01-2024_A_31-12-2024.CSV,SAO MIGUEL DO OESTE,SC,-26.78638888,-53.51416666
INMET_S_SC_A870_RANCHO QUEIMADO_01-01-2024_A_31-12-2024.CSV,RANCHO QUEIMADO,SC,-27.6786111,-49.04194444
INMET_NE_RN_A304_NATAL_01-01-2024_A_31-12-2024.CSV,NATAL,RN,-5.83722221,-35.20805555
INMET_N_AC_A136_PORTO WALTER_01-01-2024_A_31-12-2024.CSV,PORTO WALTER,AC,-8.26722221,-72.74777777
INMET_CO_MS_A724_CORUMBA_01-01-2024_A_31-12-2024.CSV,CORUMBA,MS,-18.99666666,-57.63749999
INMET_SE_ES_A634_VILA VELHA_01-01-2024_A_31-12-2024.CSV,VILA VELHA,ES,-20.46694443,-40.40388888
INMET_SE_MG_A546_GUARDA-MOR_01-01-2024_A_31-12-2024.CSV,GUARDA-MOR,MG,-17.56138888,-47.19916666
INMET_NE_PI_A343_PICOS_01-01-2024_A_31-12-2024.CSV,PICOS,PI,-7.0711111,-41.40416666
INMET_CO_MT_A923_PRIMAVERA DO LESTE_01-01-2024_A_31-12-2024.CSV,PRIMAVERA DO LESTE,MT,-15.57999999,-54.3811111
INMET_SE_SP_A763_MARILIA_01-01-2024_A_31-12-2024.CSV,MARILIA,SP,-22.23527777,-49.965
INMET_SE_MG_A516_PASSOS_01-01-2024_A_31-12-2024.CSV,PASSOS,MG,-20.745237,-46.633916
INMET_SE_SP_A713_IPERO_01-01-2024_A_31-12-2024.CSV,IPERO,SP,-23.4261111,-47.58555555
INMET_SE_SP_A768_TUPA_01-01-2024_A_31-12-2024.CSV,TUPA,SP,-21.92722221,-50.49027777
INMET_CO_MS_A743_RIO BRILHANTE_01-01-2024_A_31-12-2024.CSV,RIO BRILHANTE,MS,-21.77499999,-54.52805554
INMET_S_RS_A844_LAGOA VERMELHA_01-01-2024_A_31-12-2024.CSV,LAGOA VERMELHA,RS,-28.222381,-51.512845
INMET_SE_MG_A543_ESPINOSA_01-01-2024_A_31-12-2024.CSV,ESPINOSA,MG,-14.91222222,-42.80861111
INMET_NE_BA_A428_SENHOR DO BONFIM_01-01-2024_A_31-12-2024.CSV,SENHOR DO BONFIM,BA,-10.44305555,-40.14833333
INMET_N_RO_A938_VILHENA_01-01-2024_A_31-12-2024.CSV,VILHENA,RO,-12.73499999,-60.15777777
INMET_N_PA_A216_SAO FELIX DO XINGU_01-01-2024_A_31-12-2024.CSV,SAO FELIX DO XINGU,PA,-6.63972221,-51.95694444
INMET_SE_ES_A612_VITORIA_01-01-2024_A_31-12-2024.CSV,VITORIA,ES,-20.27083332,-40.30583333
INMET_NE_MA_A217_FAROL de SANTANA_01-01-2024_A_31-12-2024.CSV,FAROL de SANTANA,MA,-2.27083332,-43.62416666
INMET_SE_SP_A711_SAO CARLOS_01-01-2024_A_31-12-2024.CSV,SAO CARLOS,SP,-21.98027777,-47.88388888
INMET_N_AM_A110_BOCA DO ACRE_01-01-2024_A_31-12-2024.CSV,BOCA DO ACRE,AM,-8.77666666,-67.33249999
INMET_CO_MS_A760_COSTA RICA_01-01-2024_A_31-12-2024.CSV,COSTA RICA,MS,-18.49277777,-53.17138888
INMET_N_AM_A109_EIRUNEPE_01-01-2024_A_31-12-2024.CSV,EIRUNEPE,AM,-6.65027777,-69.8686111
INMET_SE_SP_A715_SAO MIGUEL ARCANJO_01-01-2024_A_31-12-2024.CSV,SAO MIGUEL ARCANJO,SP,-23.89083333,-47.99916666
INMET_SE_MG_F501_BELO HORIZONTE - CERCADINHO_01-01-2024_A_31-12-2024.CSV,BELO HORIZONTE - CERCADINHO,MG,-19.97999999,-43.95861111
INMET_S_RS_A836_JAGUARAO_01-01-2024_A_31-12-2024.CSV,JAGUARAO,RS,-32.53472221,-53.37583332
INMET_S_SC_A866_Laguna  - Farol de Santa Marta_01-01-2024_A_31-12-2024.CSV,Laguna  - Farol de Santa Marta,SC,-28.60444444,-48.81333333
INMET_SE_MG_A507_UBERLANDIA_01-01-2024_A_31-12-2024.CSV,UBERLANDIA,MG,-18.91694443,-48.25555555
INMET_NE_CE_A305_FORTALEZA_01-01-2024_A_31-12-2024.CSV,FORTALEZA,CE,-3.81583333,-38.53777777
INMET_S_RS_A803_SANTA MARIA_01-01-2024_A_31-12-2024.CSV,SANTA MARIA,RS,-29.72499999,-53.72055554
INMET_SE_MG_A535_FLORESTAL_01-01-2024_A_31-12-2024.CSV,FLORESTAL,MG,-19.88527777,-44.41694443
INMET_N_AM_A126_PRESIDENTE FIGUEIREDO_01-01-2024_A_31-12-2024.CSV,PRESIDENTE FIGUEIREDO,AM,-2.05666666,-60.02583332
INMET_N_PA_A215_SALINOPOLIS_01-01-2024_A_31-12-2024.CSV,SALINOPOLIS,PA,-.61888888,-47.35666666
INMET_SE_MG_A529_PASSA QUATRO_01-01-2024_A_31-12-2024.CSV,PASSA QUATRO,MG,-22.39583333,-44.96194444
INMET_CO_GO_A035_ITUMBIARA_01-01-2024_A_31-12-2024.CSV,ITUMBIARA,GO,-18.40972222,-49.19194444
INMET_NE_PE_A309_ARCO VERDE_01-01-2024_A_31-12-2024.CSV,ARCO VERDE,PE,-8.4336111,-37.05555555
INMET_N_AM_A112_HUMAITA_01-01-2024_A_31-12-2024.CSV,HUMAITA,AM,-7.5525,-63.07138888
INMET_NE_MA_A204_BALSAS_01-01-2024_A_31-12-2024.CSV,BALSAS,MA,-7.45555555,-46.02749999
INMET_S_PR_B806_COLOMBO_01-01-2024_A_31-12-2024.CSV,COLOMBO,PR,-25.322464,-49.157733
INMET_N_PA_A214_RONDON DO PARA_01-01-2024_A_31-12-2024.CSV,RONDON DO PARA,PA,-4.82749999,-48.1736111
INMET_S_PR_A872_VENTANIA_01-01-2024_A_31-12-2024.CSV,VENTANIA,PR,-24.28027777,-50.21027777
INMET_SE_ES_A616_SAO MATEUS_01-01-2024_A_31-12-2024.CSV,SAO MATEUS,ES,-18.6761111,-39.86416666
INMET_NE_RN_A316_CAICO_01-01-2024_A_31-12-2024.CSV,CAICO,RN,-6.46749999,-37.08499999
INMET_CO_MS_A750_AMAMBAI_01-01-2024_A_31-12-2024.CSV,AMAMBAI,MS,-23.0025,-55.32944443
INMET_NE_BA_A444_VALENCA_01-01-2024_A_31-12-2024.CSV,VALENCA,BA,-13.3436111,-39.12666666
INMET_N_AM_A120_AUTAZES_01-01-2024_A_31-12-2024.CSV,AUTAZES,AM,-3.58333333,-59.12944443
INMET_NE_AL_A353_ARAPIRACA_01-01-2024_A_31-12-2024.CSV,ARAPIRACA,AL,-9.80444444,-36.61916666
INMET_SE_MG_A513_OURO BRANCO_01-01-2024_A_31-12-2024.CSV,OURO BRANCO,MG,-20.55666666,-43.75611111
INMET_SE_MG_A528_TRES MARIAS_01-01-2024_A_31-12-2024.CSV,TRES MARIAS,MG,-18.200855,-45.459836
INMET_NE_SE_A451_ITABAIANA_01-01-2024_A_31-12-2024.CSV,ITABAIANA,SE,-10.67166666,-37.47138888
INMET_N_AM_A123_PARINTINS_01-01-2024_A_31-12-2024.CSV,PARINTINS,AM,-2.63916666,-56.75611111
INMET_CO_GO_A022_GOIANESIA_01-01-2024_A_31-12-2024.CSV,GOIANESIA,GO,-15.22027777,-48.98999999
INMET_N_AP_A242_OIAPOQUE_01-01-2024_A_31-12-2024.CSV,OIAPOQUE,AP,3.81361111,-51.8625
INMET_SE_MG_A521_BELO HORIZONTE (PAMPULHA)_01-01-2024_A_31-12-2024.CSV,BELO HORIZONTE (PAMPULHA),MG,-19.88388888,-43.96944443
INMET_NE_CE_A339_JAGUARUANA_01-01-2024_A_31-12-2024.CSV,JAGUARUANA,CE,-4.83777777,-37.69972221
INMET_NE_SE_A421_BREJO GRANDE_01-01-2024_A_31-12-2024.CSV,BREJO GRANDE,SE,-10.47388888,-36.48194443
INMET_N_PA_A229_TUCURUI_01-01-2024_A_31-12-2024.CSV,TUCURUI,PA,-3.82277777,-49.67499999
INMET_S_SC_A816_NOVO HORIZONTE_01-01-2024_A_31-12-2024.CSV,NOVO HORIZONTE,SC,-26.40638888,-52.85027777
INMET_CO_GO_A036_CRISTALINA_01-01-2024_A_31-12-2024.CSV,CRISTALINA,GO,-16.78499999,-47.61305555
INMET_NE_CE_A332_MORADA NOVA_01-01-2024_A_31-12-2024.CSV,MORADA NOVA,CE,-5.0911111,-38.36472222
INMET_CO_GO_A024_ALTO PARAISO DE GOIAS_01-01-2024_A_31-12-2024.CSV,ALTO PARAISO DE GOIAS,GO,-14.13305554,-47.52333332
INMET_N_AC_A137_MARECHAL THAUMATURGO_01-01-2024_A_31-12-2024.CSV,MARECHAL THAUMATURGO,AC,-8.95,-72.78666666
INMET_SE_MG_A526_MONTALVANIA_01-01-2024_A_31-12-2024.CSV,MONTALVANIA,MG,-14.40833333,-44.40416666
INMET_S_SC_A867_ARARANGUA_01-01-2024_A_31-12-2024.CSV,ARARANGUA,SC,-28.931353,-49.49792
INMET_NE_CE_A359_ITAPIPOCA_01-01-2024_A_31-12-2024.CSV,ITAPIPOCA,CE,-3.48416666,-39.5886111
INMET_S_RS_A804_SANTANA DO LIVRAMENTO_01-01-2024_A_31-12-2024.CSV,SANTANA DO LIVRAMENTO,RS,-30.75055555,-55.40138888
INMET_SE_ES_A622_PRESIDENTE KENNEDY_01-01-2024_A_31-12-2024.CSV,PRESIDENTE KENNEDY,ES,-21.10083333,-41.03944444
INMET_NE_PE_A328_SURUBIM_01-01-2024_A_31-12-2024.CSV,SURUBIM,PE,-7.83972221,-35.80111111
INMET_NE_BA_A434_AMARGOSA_01-01-2024_A_31-12-2024.CSV,AMARGOSA,BA,-13.00944444,-39.61694443
INMET_CO_MT_A910_APIACAS_01-01-2024_A_31-12-2024.CSV,APIACAS,MT,-9.56333333,-57.3936111
INMET_S_RS_A883_IBIRUBA_01-01-2024_A_31-12-2024.CSV,IBIRUBA,RS,-28.65333333,-53.11194444
INMET_SE_ES_A614_LINHARES_01-01-2024_A_31-12-2024.CSV,LINHARES,ES,-19.35694444,-40.0686111
INMET_CO_GO_A027_PARAUNA_01-01-2024_A_31-12-2024.CSV,PARAUNA,GO,-16.9625,-50.42555554
INMET_NE_PB_A333_SAO GONCALO_01-01-2024_A_31-12-2024.CSV,SAO GONCALO,PB,-6.835777,-38.311583
INMET_CO_MS_A731_MARACAJU_01-01-2024_A_31-12-2024.CSV,MARACAJU,MS,-21.60916666,-55.17749999
INMET_CO_MS_A721_DOURADOS_01-01-2024_A_31-12-2024.CSV,DOURADOS,MS,-22.19388888,-54.91138888
INMET_S_RS_A899_Santa Vitoria do Palmar - Barra do Chui_01-01-2024_A_31-12-2024.CSV,Santa Vitoria do Palmar - Barra do Chui,RS,-33.74222221,-53.37222221
INMET_SE_MG_A559_JANUARIA_01-01-2024_A_31-12-2024.CSV,JANUARIA,MG,-15.44805555,-44.36638888
INMET_SE_MG_A541_CAPELINHA_01-01-2024_A_31-12-2024.CSV,CAPELINHA,MG,-17.70555555,-42.38916666
INMET_CO_MT_A915_PARANATINGA_01-01-2024_A_31-12-2024.CSV,PARANATINGA,MT,-14.42138888,-54.0361111
INMET_CO_MS_A752_ITAQUIRAI_01-01-2024_A_31-12-2024.CSV,ITAQUIRAI,MS,-23.44944444,-54.18194443
INMET_S_RS_A878_MOSTARDAS_01-01-2024_A_31-12-2024.CSV,MOSTARDAS,RS,-31.24833333,-50.90638888
INMET_S_SC_A860_CURITIBANOS_01-01-2024_A_31-12-2024.CSV,CURITIBANOS,SC,-27.2886111,-50.60416666
INMET_CO_GO_A014_GOIAS_01-01-2024_A_31-12-2024.CSV,GOIAS,GO,-15.93972221,-50.14138888
INMET_SE_RJ_A602_RIO DE JANEIRO-MARAMBAIA_01-01-2024_A_31-12-2024.CSV,RIO DE JANEIRO-MARAMBAIA,RJ,-23.05027777,-43.59555555
INMET_CO_MS_A751_SETE QUEDAS_01-01-2024_A_31-12-2024.CSV,SETE QUEDAS,MS,-23.96694443,-55.02416666
INMET_S_SC_A895_CHAPECO_01-01-2024_A_31-12-2024.CSV,CHAPECO,SC,-27.0853111,-52.6357111
INMET_N_PA_A230_SERRA DOS CARAJAS_01-01-2024_A_31-12-2024.CSV,SERRA DOS CARAJAS,PA,-6.07749999,-50.14222221
INMET_NE_PI_A375_BAIXA GRANDE DO RIBEIRO_01-01-2024_A_31-12-2024.CSV,BAIXA GRANDE DO RIBEIRO,PI,-8.333531,-45.094625
INMET_SE_MG_A506_MONTES CLAROS_01-01-2024_A_31-12-2024.CSV,MONTES CLAROS,MG,-16.68638888,-43.84388888
INMET_NE_BA_A436_QUEIMADAS_01-01-2024_A_31-12-2024.CSV,QUEIMADAS,BA,-10.98472221,-39.61694443
INMET_SE_MG_A524_FORMIGA_01-01-2024_A_31-12-2024.CSV,FORMIGA,MG,-20.455,-45.45388888
INMET_SE_SP_A726_PIRACICABA_01-01-2024_A_31-12-2024.CSV,PIRACICABA,SP,-22.70305555,-47.62333332
INMET_SE_SP_A770_SAO SIMAO_01-01-2024_A_31-12-2024.CSV,SAO SIMAO,SP,-21.46111111,-47.57944443
INMET_SE_SP_A728_TAUBATE_01-01-2024_A_31-12-2024.CSV,TAUBATE,SP,-23.04166666,-45.52083332
INMET_S_RS_A856_PALMEIRA DAS MISSOES_01-01-2024_A_31-12-2024.CSV,PALMEIRA DAS MISSOES,RS,-27.92027777,-53.31805554
INMET_SE_MG_A555_IBIRITE (ROLA MOCA)_01-01-2024_A_31-12-2024.CSV,IBIRITE (ROLA MOCA),MG,-20.03138888,-44.01111111
INMET_SE_ES_A632_MARILANDIA_01-01-2024_A_31-12-2024.CSV,MARILANDIA,ES,-19.40722222,-40.53972221
INMET_N_TO_A020_PEDRO AFONSO_01-01-2024_A_31-12-2024.CSV,PEDRO AFONSO,TO,-8.9686111,-48.17722221
INMET_N_AM_A101_MANAUS_01-01-2024_A_31-12-2024.CSV,MANAUS,AM,-3.10333333,-60.01638888
INMET_CO_GO_A034_CATALAO_01-01-2024_A_31-12-2024.CSV,CATALAO,GO,-18.154779,-47.927614
INMET_CO_MT_A919_COTRIGUACU_01-01-2024_A_31-12-2024.CSV,COTRIGUACU,MT,-9.90638888,-58.57222221
INMET_N_PA_A241_CONCEICAO DO ARAGUAIA_01-01-2024_A_31-12-2024.CSV,CONCEICAO DO ARAGUAIA,PA,-8.30361111,-49.28277777
INMET_SE_MG_A523_PATROCINIO_01-01-2024_A_31-12-2024.CSV,PATROCINIO,MG,-18.99666666,-46.98583333
INMET_NE_BA_A422_ABROLHOS_01-01-2024_A_31-12-2024.CSV,ABROLHOS,BA,-17.96305555,-38.70333333
INMET_NE_BA_A413_FEIRA DE SANTANA_01-01-2024_A_31-12-2024.CSV,FEIRA DE SANTANA,BA,-12.1961111,-38.96749999
INMET_NE_PE_A350_SERRA TALHADA_01-01-2024_A_31-12-2024.CSV,SERRA TALHADA,PE,-7.95416666,-38.29499999
INMET_N_PA_A247_XINGUARA_01-01-2024_A_31-12-2024.CSV,XINGUARA,PA,-7.11055555,-49.9261111
INMET_N_AM_A117_COARI_01-01-2024_A_31-12-2024.CSV,COARI,AM,-4.09749999,-63.14527777
INMET_S_RS_A833_SANTIAGO_01-01-2024_A_31-12-2024.CSV,SANTIAGO,RS,-29.191599,-54.885653
INMET_S_RS_A893_ENCRUZILHADA DO SUL_01-01-2024_A_31-12-2024.CSV,ENCRUZILHADA DO SUL,RS,-30.54305555,-52.52472221
INMET_N_PA_A212_PARAGOMINAS_01-01-2024_A_31-12-2024.CSV,PARAGOMINAS,PA,-2.90055555,-47.49499999
INMET_CO_MT_A934_ALTO TAQUARI_01-01-2024_A_31-12-2024.CSV,ALTO TAQUARI,MT,-17.8411111,-53.28944444
INMET_SE_SP_A740_SAO LUIZ DO PARAITINGA_01-01-2024_A_31-12-2024.CSV,SAO LUIZ DO PARAITINGA,SP,-23.22833332,-45.41694443
INMET_S_PR_B803_CAMPINA DA LAGOA_01-01-2024_A_31-12-2024.CSV,CAMPINA DA LAGOA,PR,-24.57083332,-52.80027777
INMET_CO_DF_A046_GAMA (PONTE ALTA)_01-01-2024_A_31-12-2024.CSV,GAMA (PONTE ALTA),DF,-15.93527777,-48.13749999
INMET_N_PA_A254_REDENCAO_01-01-2024_A_31-12-2024.CSV,REDENCAO,PA,-8.04333333,-50.00694444
INMET_SE_MG_A551_RIO PARDO DE MINAS_01-01-2024_A_31-12-2024.CSV,RIO PARDO DE MINAS,MG,-15.72305554,-42.43583333
INMET_NE_PI_A361_CASTELO DO PIAUI_01-01-2024_A_31-12-2024.CSV,CASTELO DO PIAUI,PI,-5.34916666,-41.51222222
INMET_CO_GO_A003_MORRINHOS_01-01-2024_A_31-12-2024.CSV,MORRINHOS,GO,-17.74499999,-49.10166666
INMET_CO_MS_A720_COXIM_01-01-2024_A_31-12-2024.CSV,COXIM,MS,-18.51222222,-54.7361111
INMET_CO_MS_A742_CASSILANDIA_01-01-2024_A_31-12-2024.CSV,CASSILANDIA,MS,-19.12249999,-51.72083332
INMET_NE_MA_A206_CHAPADINHA_01-01-2024_A_31-12-2024.CSV,CHAPADINHA,MA,-3.74277777,-43.35222222
INMET_NE_AL_A371_PIRANHAS_01-01-2024_A_31-12-2024.CSV,PIRANHAS,AL,-9.62222221,-37.76722221
INMET_NE_PE_A351_FLORESTA_01-01-2024_A_31-12-2024.CSV,FLORESTA,PE,-8.59888888,-38.58416666
INMET_NE_MA_A255_ZE DOCA_01-01-2024_A_31-12-2024.CSV,ZE DOCA,MA,-3.26916666,-45.65111111
INMET_N_AM_A119_MANACAPURU_01-01-2024_A_31-12-2024.CSV,MANACAPURU,AM,-3.29472221,-60.62833332
INMET_CO_GO_A032_MONTE ALEGRE DE GOIAS_01-01-2024_A_31-12-2024.CSV,MONTE ALEGRE DE GOIAS,GO,-13.25361111,-46.89027777
INMET_SE_MG_A522_SERRA DOS AIMORES_01-01-2024_A_31-12-2024.CSV,SERRA DOS AIMORES,MG,-17.79888888,-40.25
INMET_NE_MA_A220_BACABAL_01-01-2024_A_31-12-2024.CSV,BACABAL,MA,-4.24305555,-44.79499999
INMET_S_SC_A863_ITUPORANGA_01-01-2024_A_31-12-2024.CSV,ITUPORANGA,SC,-27.41833332,-49.64694444
INMET_N_AP_A244_PORTO GRANDE_01-01-2024_A_31-12-2024.CSV,PORTO GRANDE,AP,.69416666,-51.40388888
INMET_SE_SP_A755_BARUERI_01-01-2024_A_31-12-2024.CSV,BARUERI,SP,-23.52388888,-46.86944443
INMET_CO_MS_A704_TRES LAGOAS_01-01-2024_A_31-12-2024.CSV,TRES LAGOAS,MS,-20.79499999,-51.71333333
INMET_N_AP_A249_MACAPA_01-01-2024_A_31-12-2024.CSV,MACAPA,AP,.03499999,-51.08888888
INMET_SE_MG_A564_DIVINOPOLIS_01-01-2024_A_31-12-2024.CSV,DIVINOPOLIS,MG,-20.17333332,-44.87499999
INMET_N_RR_A135_BOA VISTA_01-01-2024_A_31-12-2024.CSV,BOA VISTA,RR,2.81694443,-60.69083333
INMET_S_PR_A820_MAL. CANDIDO RONDON_01-01-2024_A_31-12-2024.CSV,MAL. CANDIDO RONDON,PR,-24.53333333,-54.01916666
INMET_N_RO_A939_CACOAL_01-01-2024_A_31-12-2024.CSV,CACOAL,RO,-11.44583333,-61.43416666
INMET_NE_PE_A366_OURICURI_01-01-2024_A_31-12-2024.CSV,OURICURI,PE,-7.88583333,-40.10277777
INMET_S_SC_A848_DIONISIO CERQUEIRA_01-01-2024_A_31-12-2024.CSV,DIONISIO CERQUEIRA,SC,-26.286562,-53.633114
INMET_CO_GO_A033_PIRES DO RIO_01-01-2024_A_31-12-2024.CSV,PIRES DO RIO,GO,-17.30416666,-48.28416666
INMET_CO_GO_A031_SAO MIGUEL DO ARAGUAIA_01-01-2024_A_31-12-2024.CSV,SAO MIGUEL DO ARAGUAIA,GO,-12.82055554,-50.33583333
INMET_S_RS_A831_QUARAI_01-01-2024_A_31-12-2024.CSV,QUARAI,RS,-30.368578,-56.437115
INMET_CO_MS_A709_IVINHEMA_01-01-2024_A_31-12-2024.CSV,IVINHEMA,MS,-22.30055555,-53.82277777
INMET_SE_SP_A718_RANCHARIA_01-01-2024_A_31-12-2024.CSV,RANCHARIA,SP,-22.37277777,-50.97472221
INMET_S_RS_B807_PORTO ALEGRE- BELEM NOVO_01-01-2024_A_31-12-2024.CSV,PORTO ALEGRE- BELEM NOVO,RS,-30.1861111,-51.17805554
INMET_SE_MG_A515_VARGINHA_01-01-2024_A_31-12-2024.CSV,VARGINHA,MG,-21.56638888,-45.40416666
INMET_CO_MS_A758_JARDIM_01-01-2024_A_31-12-2024.CSV,JARDIM,MS,-21.4786111,-56.13777777
INMET_S_PR_A823_INACIO MARTINS_01-01-2024_A_31-12-2024.CSV,INACIO MARTINS,PR,-25.567879,-51.077946
INMET_S_PR_A825_GOIOERE_01-01-2024_A_31-12-2024.CSV,GOIOERE,PR,-24.18388888,-53.04888888
INMET_NE_PI_A336_ALVORADA DO GURGUEIA_01-01-2024_A_31-12-2024.CSV,ALVORADA DO GURGUEIA,PI,-8.37638888,-43.85944444
INMET_SE_MG_A525_SACRAMENTO_01-01-2024_A_31-12-2024.CSV,SACRAMENTO,MG,-19.87527777,-47.43416666
INMET_SE_SP_A747_PRADOPOLIS_01-01-2024_A_31-12-2024.CSV,PRADOPOLIS,SP,-21.33833333,-48.11388888
INMET_NE_PB_A321_PATOS_01-01-2024_A_31-12-2024.CSV,PATOS,PB,-7.07972221,-37.27277777
INMET_S_PR_A822_NOVA TEBAS_01-01-2024_A_31-12-2024.CSV,NOVA TEBAS,PR,-24.43388888,-51.95388888
INMET_NE_SE_A453_NOSSA SENHORA DA GLORIA_01-01-2024_A_31-12-2024.CSV,NOSSA SENHORA DA GLORIA,SE,-10.20777777,-37.43194443
INMET_S_RS_A828_ERECHIM_01-01-2024_A_31-12-2024.CSV,ERECHIM,RS,-27.65777777,-52.30583333
INMET_NE_PI_A335_PIRIPIRI_01-01-2024_A_31-12-2024.CSV,PIRIPIRI,PI,-4.2761111,-41.79444444
INMET_S_SC_A868_ITAJAI_01-01-2024_A_31-12-2024.CSV,ITAJAI,SC,-26.95083333,-48.76194444
INMET_CO_MS_A710_PARANAIBA_01-01-2024_A_31-12-2024.CSV,PARANAIBA,MS,-19.69555555,-51.18166666
INMET_NE_SE_A417_ITABAIANINHA_01-01-2024_A_31-12-2024.CSV,ITABAIANINHA,SE,-11.27249999,-37.79499999
INMET_S_RS_A854_FREDERICO WESTPHALEN_01-01-2024_A_31-12-2024.CSV,FREDERICO WESTPHALEN,RS,-27.39555555,-53.42944443
INMET_S_RS_A830_SAO BORJA_01-01-2024_A_31-12-2024.CSV,SAO BORJA,RS,-28.65,-56.01638888
INMET_NE_BA_A427_PORTO SEGURO_01-01-2024_A_31-12-2024.CSV,PORTO SEGURO,BA,-16.38888888,-39.18249999
INMET_SE_MG_A511_TIMOTEO_01-01-2024_A_31-12-2024.CSV,TIMOTEO,MG,-19.57388888,-42.62249999
INMET_CO_MT_A902_TANGARA DA SERRA_01-01-2024_A_31-12-2024.CSV,TANGARA DA SERRA,MT,-14.65,-57.43166666
INMET_N_TO_A052_SANTA ROSA DO TOCANTINS_01-01-2024_A_31-12-2024.CSV,SANTA ROSA DO TOCANTINS,TO,-11.42888888,-48.18499999
INMET_S_RS_A801_PORTO ALEGRE - JARDIM BOTANICO_01-01-2024_A_31-12-2024.CSV,PORTO ALEGRE - JARDIM BOTANICO,RS,-30.05361111,-51.17472221
INMET_S_RS_A838_CAMAQUA_01-01-2024_A_31-12-2024.CSV,CAMAQUA,RS,-30.80805555,-51.83416666
INMET_SE_MG_A514_SAO JOAO DEL REI_01-01-2024_A_31-12-2024.CSV,SAO JOAO DEL REI,MG,-21.10638888,-44.25083333
INMET_CO_MS_A756_AGUA CLARA_01-01-2024_A_31-12-2024.CSV,AGUA CLARA,MS,-20.44444444,-52.87583332
INMET_N_PA_A231_ITAITUBA_01-01-2024_A_31-12-2024.CSV,ITAITUBA,PA,-4.27694443,-55.99305555
INMET_NE_BA_A423_REMANSO_01-01-2024_A_31-12-2024.CSV,REMANSO,BA,-9.62555554,-42.07722221
INMET_SE_MG_A549_AGUAS VERMELHAS_01-01-2024_A_31-12-2024.CSV,AGUAS VERMELHAS,MG,-15.75166666,-41.45777777
INMET_N_AM_A133_MANICORE_01-01-2024_A_31-12-2024.CSV,MANICORE,AM,-5.7886111,-61.28833333
INMET_NE_RN_A317_MACAU_01-01-2024_A_31-12-2024.CSV,MACAU,RN,-5.15111111,-36.57305554
INMET_SE_SP_A735_JOSE BONIFACIO_01-01-2024_A_31-12-2024.CSV,JOSE BONIFACIO,SP,-21.08555555,-49.92027777
INMET_NE_PI_A364_GILBUES_01-01-2024_A_31-12-2024.CSV,GILBUES,PI,-9.87527777,-45.34583333
INMET_N_TO_A010_PARANA_01-01-2024_A_31-12-2024.CSV,PARANA,TO,-12.615,-47.87194443
INMET_S_RS_A834_TRAMANDAI_01-01-2024_A_31-12-2024.CSV,TRAMANDAI,RS,-30.01027777,-50.13583333
INMET_NE_PB_A310_AREIA_01-01-2024_A_31-12-2024.CSV,AREIA,PB,-6.975451,-35.718128
INMET_NE_BA_A447_BELMONTE_01-01-2024_A_31-12-2024.CSV,BELMONTE,BA,-16.08805555,-39.21527777
INMET_N_TO_A049_COLINAS DO TOCANTINS_01-01-2024_A_31-12-2024.CSV,COLINAS DO TOCANTINS,TO,-8.092708,-48.478605
INMET_N_PA_A202_CASTANHAL_01-01-2024_A_31-12-2024.CSV,CASTANHAL,PA,-1.30083333,-47.94805555
INMET_NE_BA_A418_BOM JESUS DA LAPA_01-01-2024_A_31-12-2024.CSV,BOM JESUS DA LAPA,BA,-13.25111111,-43.40527777
INMET_SE_SP_A727_LINS_01-01-2024_A_31-12-2024.CSV,LINS,SP,-21.66611111,-49.73472221
INMET_SE_RJ_A652_RIO DE JANEIRO - FORTE DE COPACABANA_01-01-2024_A_31-12-2024.CSV,RIO DE JANEIRO - FORTE DE COPACABANA,RJ,-22.98833333,-43.19055555
INMET_SE_MG_A552_SALINAS_01-01-2024_A_31-12-2024.CSV,SALINAS,MG,-16.16027777,-42.31027777
INMET_CO_MT_A922_VILA BELA DA SANTISSIMA TRINDADE_01-01-2024_A_31-12-2024.CSV,VILA BELA DA SANTISSIMA TRINDADE,MT,-15.06277777,-59.87305554
INMET_SE_MG_A545_PIRAPORA_01-01-2024_A_31-12-2024.CSV,PIRAPORA,MG,-17.258064,-44.835556
INMET_NE_BA_A433_BRUMADO_01-01-2024_A_31-12-2024.CSV,BRUMADO,BA,-14.18194443,-41.67222221
INMET_NE_MA_A205_CAROLINA_01-01-2024_A_31-12-2024.CSV,CAROLINA,MA,-7.33722221,-47.45972222
INMET_SE_ES_A631_ECOPORANGA_01-01-2024_A_31-12-2024.CSV,ECOPORANGA,ES,-18.29138888,-40.73638888
INMET_SE_MG_A534_AIMORES_01-01-2024_A_31-12-2024.CSV,AIMORES,MG,-19.53277777,-41.09083333
INMET_NE_PB_A348_CABACEIRAS_01-01-2024_A_31-12-2024.CSV,CABACEIRAS,PB,-7.48333333,-36.28638888
INMET_N_TO_A055_LAGOA DA CONFUSAO_01-01-2024_A_31-12-2024.CSV,LAGOA DA CONFUSAO,TO,-10.828286,-49.847882
INMET_CO_MT_A907_RONDONOPOLIS_01-01-2024_A_31-12-2024.CSV,RONDONOPOLIS,MT,-16.4625,-54.58027777
INMET_CO_MT_A924_ALTA FLORESTA_01-01-2024_A_31-12-2024.CSV,ALTA FLORESTA,MT,-10.07722221,-56.17916666
INMET_CO_MS_A722_MIRANDA_01-01-2024_A_31-12-2024.CSV,MIRANDA,MS,-20.39555555,-56.43166666
INMET_NE_SE_A419_POCO VERDE_01-01-2024_A_31-12-2024.CSV,POCO VERDE,SE,-10.73805555,-38.10833333
INMET_N_PA_A236_CAMETA_01-01-2024_A_31-12-2024.CSV,CAMETA,PA,-2.23972221,-49.49972221
INMET_NE_PE_A349_IBIMIRIM_01-01-2024_A_31-12-2024.CSV,IBIMIRIM,PE,-8.50944444,-37.71166666
INMET_NE_RN_A340_APODI_01-01-2024_A_31-12-2024.CSV,APODI,RN,-5.62666666,-37.815
INMET_SE_MG_A519_CAMPINA VERDE_01-01-2024_A_31-12-2024.CSV,CAMPINA VERDE,MG,-19.53921,-49.518133
INMET_N_PA_A234_TUCUMA_01-01-2024_A_31-12-2024.CSV,TUCUMA,PA,-6.74333333,-51.14194444
INMET_S_RS_A809_URUGUAIANA_01-01-2024_A_31-12-2024.CSV,URUGUAIANA,RS,-29.83999999,-57.08194443
INMET_CO_MT_A904_SORRISO_01-01-2024_A_31-12-2024.CSV,SORRISO,MT,-12.555,-55.72277777
INMET_NE_BA_A404_LUIZ EDUARDO MAGALHAES_01-01-2024_A_31-12-2024.CSV,LUIZ EDUARDO MAGALHAES,BA,-12.1525,-45.82972221
INMET_NE_BA_A424_IRECE_01-01-2024_A_31-12-2024.CSV,IRECE,BA,-11.32888888,-41.86444444
INMET_CO_GO_A012_LUZIANIA_01-01-2024_A_31-12-2024.CSV,LUZIANIA,GO,-16.26055555,-47.96694443
INMET_NE_BA_A412_MACAJUBA_01-01-2024_A_31-12-2024.CSV,MACAJUBA,BA,-12.13166666,-40.35416666
INMET_CO_MT_A931_SANTO ANTONIO DO LESTE_01-01-2024_A_31-12-2024.CSV,SANTO ANTONIO DO LESTE,MT,-14.92499999,-53.88444444
INMET_NE_CE_A306_SOBRAL_01-01-2024_A_31-12-2024.CSV,SOBRAL,CE,-3.74805555,-40.34583333
INMET_SE_MG_A567_MACHADO_01-01-2024_A_31-12-2024.CSV,MACHADO,MG,-21.68083332,-45.94444444
INMET_NE_BA_A426_GUANAMBI_01-01-2024_A_31-12-2024.CSV,GUANAMBI,BA,-14.20805555,-42.74972221
INMET_CO_MT_A927_BRASNORTE (NOVO MUNDO)_01-01-2024_A_31-12-2024.CSV,BRASNORTE (NOVO MUNDO),MT,-12.52194443,-58.23138888
INMET_CO_MT_A932_GUIRATINGA_01-01-2024_A_31-12-2024.CSV,GUIRATINGA,MT,-16.34166666,-53.76611111
INMET_NE_MA_A221_BARRA DO CORDA_01-01-2024_A_31-12-2024.CSV,BARRA DO CORDA,MA,-5.50666666,-45.23694444
INMET_SE_SP_A733_JALES_01-01-2024_A_31-12-2024.CSV,JALES,SP,-20.165,-50.59499999
INMET_NE_RN_A344_CALCANHAR_01-01-2024_A_31-12-2024.CSV,CALCANHAR,RN,-5.16,-35.48749999
INMET_CO_GO_A056_CRISTALINA (FAZENDA SANTA MONICA)_01-01-2024_A_31-12-2024.CSV,CRISTALINA (FAZENDA SANTA MONICA),GO,-16.39944444,-47.62583332
INMET_SE_MG_A510_VICOSA_01-01-2024_A_31-12-2024.CSV,VICOSA,MG,-20.762607,-42.864013
INMET_SE_MG_A540_MANTENA_01-01-2024_A_31-12-2024.CSV,MANTENA,MG,-18.78062,-40.986505
INMET_NE_BA_A455_ITAMARAJU_01-01-2024_A_31-12-2024.CSV,ITAMARAJU,BA,-17.00694444,-39.55805555
INMET_S_RS_A887_CAPAO DO LEAO (PELOTAS)_01-01-2024_A_31-12-2024.CSV,CAPAO DO LEAO (PELOTAS),RS,-31.8025,-52.40722222
INMET_NE_CE_A358_JAGUARIBE_01-01-2024_A_31-12-2024.CSV,JAGUARIBE,CE,-5.90555555,-38.62777777
INMET_NE_CE_A342_CRATEUS_01-01-2024_A_31-12-2024.CSV,CRATEUS,CE,-5.18666666,-40.67222221
INMET_CO_MS_A754_SIDROLANDIA_01-01-2024_A_31-12-2024.CSV,SIDROLANDIA,MS,-20.98166666,-54.97194443
INMET_NE_BA_A448_CURACA_01-01-2024_A_31-12-2024.CSV,CURACA,BA,-9.00138888,-39.9125
INMET_CO_MT_A906_GUARANTA DO NORTE_01-01-2024_A_31-12-2024.CSV,GUARANTA DO NORTE,MT,-9.9525,-54.89777777
INMET_S_RS_A829_SAO JOSE DOS AUSENTES_01-01-2024_A_31-12-2024.CSV,SAO JOSE DOS AUSENTES,RS,-28.7486111,-50.05777777
INMET_NE_CE_A319_IGUATU_01-01-2024_A_31-12-2024.CSV,IGUATU,CE,-6.39638888,-39.26888888
INMET_S_PR_A850_PARANAPOEMA_01-01-2024_A_31-12-2024.CSV,PARANAPOEMA,PR,-22.65833333,-52.13444444
INMET_S_SC_A865_LAGES_01-01-2024_A_31-12-2024.CSV,LAGES,SC,-27.80222222,-50.33555555
INMET_N_PA_A210_PACAJA_01-01-2024_A_31-12-2024.CSV,PACAJA,PA,-3.8436111,-50.63805555
INMET_S_PR_A824_ICARAIMA_01-01-2024_A_31-12-2024.CSV,ICARAIMA,PR,-23.39027777,-53.63583333
INMET_N_AM_A111_LABREA_01-01-2024_A_31-12-2024.CSV,LABREA,AM,-7.26055555,-64.7886111
INMET_SE_SP_A748_BARRETOS_01-01-2024_A_31-12-2024.CSV,BARRETOS,SP,-20.55916666,-48.54499999
INMET_SE_SP_A725_AVARE_01-01-2024_A_31-12-2024.CSV,AVARE,SP,-23.10166666,-48.9411111
INMET_SE_MG_A533_GUANHAES_01-01-2024_A_31-12-2024.CSV,GUANHAES,MG,-18.78694444,-42.94305555
INMET_SE_MG_A548_CHAPADA GAUCHA_01-01-2024_A_31-12-2024.CSV,CHAPADA GAUCHA,MG,-15.30027777,-45.61749999
INMET_SE_RJ_A610_PICO DO COUTO_01-01-2024_A_31-12-2024.CSV,PICO DO COUTO,RJ,-22.46472222,-43.29138888
INMET_S_RS_A853_CRUZ ALTA_01-01-2024_A_31-12-2024.CSV,CRUZ ALTA,RS,-28.60344,-53.673597
INMET_NE_PB_A334_MONTEIRO_01-01-2024_A_31-12-2024.CSV,MONTEIRO,PB,-7.89444444,-37.12472221
INMET_CO_MT_A943_SERRA NOVA DOURADA_01-01-2024_A_31-12-2024.CSV,SERRA NOVA DOURADA,MT,-11.98777777,-51.4261111
INMET_NE_PB_A313_CAMPINA GRANDE_01-01-2024_A_31-12-2024.CSV,CAMPINA GRANDE,PB,-7.22555554,-35.90472222
INMET_N_TO_A040_MATEIROS_01-01-2024_A_31-12-2024.CSV,MATEIROS,TO,-10.43444444,-45.92194443
INMET_N_AP_A251_ITAUBAL_01-01-2024_A_31-12-2024.CSV,ITAUBAL,AP,.56777777,-50.8236111
INMET_NE_BA_A416_CORRENTINA_01-01-2024_A_31-12-2024.CSV,CORRENTINA,BA,-13.33249999,-44.61749999
INMET_SE_SP_A753_ITUVERAVA_01-01-2024_A_31-12-2024.CSV,ITUVERAVA,SP,-20.35972222,-47.77527777
INMET_SE_SP_A705_BAURU_01-01-2024_A_31-12-2024.CSV,BAURU,SP,-22.35805555,-49.02888888
INMET_SE_MG_A557_CORONEL PACHECO_01-01-2024_A_31-12-2024.CSV,CORONEL PACHECO,MG,-21.54666666,-43.26111111
INMET_S_SC_A817_INDAIAL_01-01-2024_A_31-12-2024.CSV,INDAIAL,SC,-26.91361111,-49.26805554
INMET_N_TO_A043_CAMPOS LINDOS_01-01-2024_A_31-12-2024.CSV,CAMPOS LINDOS,TO,-8.15472222,-46.63944444
INMET_NE_BA_A429_BARRA_01-01-2024_A_31-12-2024.CSV,BARRA,BA,-11.08472221,-43.13888888
INMET_NE_BA_A401_SALVADOR_01-01-2024_A_31-12-2024.CSV,SALVADOR,BA,-13.005515,-38.50576
INMET_N_PA_A211_PLACAS_01-01-2024_A_31-12-2024.CSV,PLACAS,PA,-3.86416666,-54.21638888
INMET_CO_MT_A930_GAUCHA DO NORTE_01-01-2024_A_31-12-2024.CSV,GAUCHA DO NORTE,MT,-13.18472221,-53.2575
INMET_SE_SP_A766_REGISTRO_01-01-2024_A_31-12-2024.CSV,REGISTRO,SP,-24.53305554,-47.86416666
INMET_SE_RJ_A606_ARRAIAL DO CABO_01-01-2024_A_31-12-2024.CSV,ARRAIAL DO CABO,RJ,-22.97527777,-42.02138888
INMET_NE_MA_A218_PREGUICAS_01-01-2024_A_31-12-2024.CSV,PREGUICAS,MA,-2.59222221,-42.7075
INMET_SE_RJ_A626_RIO CLARO_01-01-2024_A_31-12-2024.CSV,RIO CLARO,RJ,-22.653579,-44.040916
INMET_S_PR_A876_CLEVELANDIA_01-01-2024_A_31-12-2024.CSV,CLEVELANDIA,PR,-26.41722221,-52.3486111
INMET_SE_ES_A633_VENDA NOVA DO IMIGRANTE_01-01-2024_A_31-12-2024.CSV,VENDA NOVA DO IMIGRANTE,ES,-20.38555555,-41.18999999
INMET_NE_PE_A307_PETROLINA_01-01-2024_A_31-12-2024.CSV,PETROLINA,PE,-9.38833333,-40.52333332
INMET_SE_SP_A716_OURINHOS_01-01-2024_A_31-12-2024.CSV,OURINHOS,SP,-23.00055555,-49.84333333
INMET_N_PA_A227_SOURE_01-01-2024_A_31-12-2024.CSV,SOURE,PA,-.72777777,-48.51583333
INMET_NE_MA_A238_BURITICUPU_01-01-2024_A_31-12-2024.CSV,BURITICUPU,MA,-4.32055554,-46.44944444
INMET_S_SC_A861_RIO DO CAMPO_01-01-2024_A_31-12-2024.CSV,RIO DO CAMPO,SC,-26.93749999,-50.14555555
INMET_CO_GO_A037_SILVANIA_01-01-2024_A_31-12-2024.CSV,SILVANIA,GO,-16.67972221,-48.61805554
INMET_NE_PI_A312_TERESINA_01-01-2024_A_31-12-2024.CSV,TERESINA,PI,-5.03472221,-42.80138888
INMET_NE_BA_A445_IPIAU_01-01-2024_A_31-12-2024.CSV,IPIAU,BA,-14.17138888,-39.69249999
INMET_S_PR_A843_DOIS VIZINHOS_01-01-2024_A_31-12-2024.CSV,DOIS VIZINHOS,PR,-25.69916666,-53.09527777
INMET_SE_MG_A560_POMPEU_01-01-2024_A_31-12-2024.CSV,POMPEU,MG,-19.23249999,-44.96416666
INMET_CO_MT_A937_PONTES E LACERDA_01-01-2024_A_31-12-2024.CSV,PONTES E LACERDA,MT,-15.23444444,-59.3461111
INMET_NE_RN_A367_SANTA CRUZ_01-01-2024_A_31-12-2024.CSV,SANTA CRUZ,RN,-6.22805554,-36.02666666
INMET_N_PA_A228_BREVES_01-01-2024_A_31-12-2024.CSV,BREVES,PA,-1.68027777,-50.47805554
INMET_S_SC_A862_RIO NEGRINHO_01-01-2024_A_31-12-2024.CSV,RIO NEGRINHO,SC,-26.2486111,-49.57416666
INMET_N_PA_A233_SANTANA DO ARAGUAIA_01-01-2024_A_31-12-2024.CSV,SANTANA DO ARAGUAIA,PA,-9.34055555,-50.35027777
INMET_S_SC_A845_BOM JARDIM DA SERRA - MORRO DA IGREJA_01-01-2024_A_31-12-2024.CSV,BOM JARDIM DA SERRA - MORRO DA IGREJA,SC,-28.12694443,-49.47972221
INMET_NE_PI_A377_ANGICAL DO PIAUI_01-01-2024_A_31-12-2024.CSV,ANGICAL DO PIAUI,PI,-6.08944444,-42.72749999
INMET_CO_DF_A042_BRAZLANDIA_01-01-2024_A_31-12-2024.CSV,BRAZLANDIA,DF,-15.59972221,-48.1311111
INMET_SE_RJ_A630_SANTA MARIA MADALENA_01-01-2024_A_31-12-2024.CSV,SANTA MARIA MADALENA,RJ,-21.95055555,-42.01027777
INMET_NE_BA_A402_BARREIRAS_01-01-2024_A_31-12-2024.CSV,BARREIRAS,BA,-12.12472221,-45.02694443
INMET_N_PA_A253_ALTAMIRA_01-01-2024_A_31-12-2024.CSV,ALTAMIRA,PA,-3.26999999,-52.39472221
INMET_SE_ES_A613_SANTA TERESA_01-01-2024_A_31-12-2024.CSV,SANTA TERESA,ES,-19.98833333,-40.57944443
INMET_S_SC_A864_MAJOR VIEIRA_01-01-2024_A_31-12-2024.CSV,MAJOR VIEIRA,SC,-26.3936111,-50.36333333
INMET_NE_BA_A439_IBOTIRAMA_01-01-2024_A_31-12-2024.CSV,IBOTIRAMA,BA,-12.19305555,-43.21333333
INMET_CO_MT_A912_CAMPO VERDE_01-01-2024_A_31-12-2024.CSV,CAMPO VERDE,MT,-15.55888888,-55.17944443
INMET_CO_GO_A029_EDEIA_01-01-2024_A_31-12-2024.CSV,EDEIA,GO,-17.33694444,-49.91472222
INMET_S_SC_A841_JOACABA_01-01-2024_A_31-12-2024.CSV,JOACABA,SC,-27.16916666,-51.55888888
INMET_NE_PI_A346_URUCUI_01-01-2024_A_31-12-2024.CSV,URUCUI,PI,-7.44138888,-44.34499999
INMET_S_PR_B804_LARANJEIRAS DO SUL_01-01-2024_A_31-12-2024.CSV,LARANJEIRAS DO SUL,PR,-25.37138888,-52.40083333
INMET_SE_RJ_A659_SILVA JARDIM_01-01-2024_A_31-12-2024.CSV,SILVA JARDIM,RJ,-22.64583333,-42.41555555
INMET_S_SC_A858_XANXERE_01-01-2024_A_31-12-2024.CSV,XANXERE,SC,-26.938666,-52.39809
INMET_NE_BA_A450_JEREMOABO_01-01-2024_A_31-12-2024.CSV,JEREMOABO,BA,-10.08083332,-38.34583333
INMET_NE_AL_A356_SAO LUIS DO QUITUNDE_01-01-2024_A_31-12-2024.CSV,SAO LUIS DO QUITUNDE,AL,-9.28749999,-35.56583333
INMET_S_PR_A846_FOZ DO IGUACU_01-01-2024_A_31-12-2024.CSV,FOZ DO IGUACU,PR,-25.60194444,-54.48305554
INMET_S_SC_A859_CACADOR_01-01-2024_A_31-12-2024.CSV,CACADOR,SC,-26.81916666,-50.98555555
INMET_N_AC_A138_FEIJO_01-01-2024_A_31-12-2024.CSV,FEIJO,AC,-8.14277777,-70.3436111
INMET_NE_BA_A407_ITIRUCU_01-01-2024_A_31-12-2024.CSV,ITIRUCU,BA,-13.52777777,-40.11972221
INMET_SE_SP_A738_CASA BRANCA_01-01-2024_A_31-12-2024.CSV,CASA BRANCA,SP,-21.78055554,-47.07527777
INMET_SE_MG_A561_SAO SEBASTIAO DO PARAISO_01-01-2024_A_31-12-2024.CSV,SAO SEBASTIAO DO PARAISO,MG,-20.91,-47.11416666
INMET_CO_MT_A901_CUIABA_01-01-2024_A_31-12-2024.CSV,CUIABA,MT,-15.60694444,-56.06083333
INMET_SE_MG_A563_NOVA PORTEIRINHA (JANAUBA)_01-01-2024_A_31-12-2024.CSV,NOVA PORTEIRINHA (JANAUBA),MG,-15.80277777,-43.29694444
INMET_N_AM_A122_MAUES_01-01-2024_A_31-12-2024.CSV,MAUES,AM,-3.39888888,-57.67388888
INMET_S_PR_A873_MORRETES_01-01-2024_A_31-12-2024.CSV,MORRETES,PR,-25.50888888,-48.80861111
INMET_S_RS_A832_SAO GABRIEL_01-01-2024_A_31-12-2024.CSV,SAO GABRIEL,RS,-30.34138888,-54.31083333
INMET_SE_MG_A547_SAO ROMAO_01-01-2024_A_31-12-2024.CSV,SAO ROMAO,MG,-16.36277777,-45.12388888
INMET_S_RS_A882_TEUTONIA_01-01-2024_A_31-12-2024.CSV,TEUTONIA,RS,-29.44916666,-51.82333332
INMET_SE_SP_A762_DRACENA_01-01-2024_A_31-12-2024.CSV,DRACENA,SP,-21.45777777,-51.55222222
INMET_NE_MA_A237_CAXIAS_01-01-2024_A_31-12-2024.CSV,CAXIAS,MA,-4.82138888,-43.3436111
INMET_SE_RJ_A618_TERESOPOLIS-PARQUE NACIONAL_01-01-2024_A_31-12-2024.CSV,TERESOPOLIS-PARQUE NACIONAL,RJ,-22.4486111,-42.98694444
INMET_N_PA_A213_TOME ACU_01-01-2024_A_31-12-2024.CSV,TOME ACU,PA,-2.59249999,-48.36055555
INMET_SE_RJ_A607_CAMPOS DOS GOYTACAZES_01-01-2024_A_31-12-2024.CSV,CAMPOS DOS GOYTACAZES,RJ,-21.71472222,-41.34388888
INMET_N_PA_A239_MONTE ALEGRE_01-01-2024_A_31-12-2024.CSV,MONTE ALEGRE,PA,-2,-54.07638888
INMET_S_PR_A849_DIAMANTE DO NORTE_01-01-2024_A_31-12-2024.CSV,DIAMANTE DO NORTE,PR,-22.63944444,-52.89027777
INMET_SE_RJ_A636_RIO DE JANEIRO - JACAREPAGUA_01-01-2024_A_31-12-2024.CSV,RIO DE JANEIRO - JACAREPAGUA,RJ,-22.93999999,-43.40277777
INMET_N_RO_A925_PORTO VELHO_01-01-2024_A_31-12-2024.CSV,PORTO VELHO,RO,-8.7936111,-63.84583333
INMET_S_RS_A811_CANGUCU_01-01-2024_A_31-12-2024.CSV,CANGUCU,RS,-31.40333333,-52.70083333
INMET_SE_SP_A706_CAMPOS DO JORDAO_01-01-2024_A_31-12-2024.CSV,CAMPOS DO JORDAO,SP,-22.75027777,-45.60388888
INMET_NE_BA_A415_SANTA RITA DE CASSIA_01-01-2024_A_31-12-2024.CSV,SANTA RITA DE CASSIA,BA,-11.00333333,-44.53638888
INMET_S_SC_A815_SAO JOAQUIM_01-01-2024_A_31-12-2024.CSV,SAO JOAQUIM,SC,-28.27555554,-49.93472221
INMET_CO_MT_A914_JUARA_01-01-2024_A_31-12-2024.CSV,JUARA,MT,-11.28027777,-57.52666666
INMET_SE_SP_A712_IGUAPE_01-01-2024_A_31-12-2024.CSV,IGUAPE,SP,-24.67166666,-47.54583333
INMET_NE_CE_A315_BARBALHA_01-01-2024_A_31-12-2024.CSV,BARBALHA,CE,-7.30083333,-39.2711111
INMET_CO_MT_A942_SAO JOSE DO XINGU_01-01-2024_A_31-12-2024.CSV,SAO JOSE DO XINGU,MT,-10.48416666,-52.37249999
INMET_NE_PI_A308_PARNAIBA_01-01-2024_A_31-12-2024.CSV,PARNAIBA,PI,-3.08666666,-41.78305554
INMET_S_PR_A807_CURITIBA_01-01-2024_A_31-12-2024.CSV,CURITIBA,PR,-25.4486111,-49.23055554
INMET_NE_CE_A325_QUIXERAMOBIM_01-01-2024_A_31-12-2024.CSV,QUIXERAMOBIM,CE,-5.17444443,-39.28944444
INMET_N_TO_A048_SANTA FE DO ARAGUAIA_01-01-2024_A_31-12-2024.CSV,SANTA FE DO ARAGUAIA,TO,-7.124191,-48.781267
INMET_SE_RJ_A608_MACAE_01-01-2024_A_31-12-2024.CSV,MACAE,RJ,-22.3761111,-41.81194444
INMET_CO_MT_A935_PORTO ESTRELA_01-01-2024_A_31-12-2024.CSV,PORTO ESTRELA,MT,-15.32472221,-57.22583332
INMET_NE_PI_A337_CARACOL_01-01-2024_A_31-12-2024.CSV,CARACOL,PI,-9.28583333,-43.32444443
INMET_S_RS_A852_SAO LUIZ GONZAGA_01-01-2024_A_31-12-2024.CSV,SAO LUIZ GONZAGA,RS,-28.41722221,-54.9625
INMET_NE_BA_A458_RIBEIRA DO AMPARO_01-01-2024_A_31-12-2024.CSV,RIBEIRA DO AMPARO,BA,-11.05861111,-38.44416666
INMET_NE_MA_A224_ESTREITO_01-01-2024_A_31-12-2024.CSV,ESTREITO,MA,-6.65333333,-47.41833332
INMET_SE_MG_A505_ARAXA_01-01-2024_A_31-12-2024.CSV,ARAXA,MG,-19.60583333,-46.94972221
INMET_SE_MG_A531_MARIA DA FE_01-01-2024_A_31-12-2024.CSV,MARIA DA FE,MG,-22.31444444,-45.37305554
INMET_NE_PI_A354_OEIRAS_01-01-2024_A_31-12-2024.CSV,OEIRAS,PI,-6.97416666,-42.14694444
INMET_NE_AL_A355_CORURIPE_01-01-2024_A_31-12-2024.CSV,CORURIPE,AL,-10.1286111,-36.28638888
INMET_N_AC_A104_RIO BRANCO_01-01-2024_A_31-12-2024.CSV,RIO BRANCO,AC,-9.95920402,-67.86898266
INMET_NE_PE_A357_PALMARES_01-01-2024_A_31-12-2024.CSV,PALMARES,PE,-8.66666666,-35.56805554
INMET_SE_ES_A615_ALFREDO CHAVES_01-01-2024_A_31-12-2024.CSV,ALFREDO CHAVES,ES,-20.63638888,-40.74194444
INMET_S_SC_A851_ITAPOA_01-01-2024_A_31-12-2024.CSV,ITAPOA,SC,-26.08138888,-48.64166666
INMET_S_SC_A814_URUSSANGA_01-01-2024_A_31-12-2024.CSV,URUSSANGA,SC,-28.53249999,-49.31527777
INMET_NE_BA_A431_CONDE_01-01-2024_A_31-12-2024.CSV,CONDE,BA,-12.03583333,-37.68388888
INMET_CO_GO_A028_IPORA_01-01-2024_A_31-12-2024.CSV,IPORA,GO,-16.42305554,-51.14888888
INMET_CO_MS_A723_PORTO MURTINHO_01-01-2024_A_31-12-2024.CSV,PORTO MURTINHO,MS,-21.70583333,-57.88666666
INMET_N_AM_A121_ITACOATIARA_01-01-2024_A_31-12-2024.CSV,ITACOATIARA,AM,-3.13333333,-58.48277777
INMET_NE_PI_A374_CORRENTE_01-01-2024_A_31-12-2024.CSV,CORRENTE,PI,-10.42916666,-45.17305554
INMET_SE_SP_A736_ARIRANHA_01-01-2024_A_31-12-2024.CSV,ARIRANHA,SP,-21.13305554,-48.84055555
INMET_N_AC_A108_CRUZEIRO DO SUL_01-01-2024_A_31-12-2024.CSV,CRUZEIRO DO SUL,AC,-7.61055555,-72.6811111
INMET_CO_MT_A909_ALTO ARAGUAIA_01-01-2024_A_31-12-2024.CSV,ALTO ARAGUAIA,MT,-17.33944444,-53.22444443
INMET_SE_MG_A544_BURITIS_01-01-2024_A_31-12-2024.CSV,BURITIS,MG,-15.52416666,-46.43555555
INMET_SE_MG_A502_BARBACENA_01-01-2024_A_31-12-2024.CSV,BARBACENA,MG,-21.22833332,-43.76777777
INMET_CO_GO_A017_POSSE_01-01-2024_A_31-12-2024.CSV,POSSE,GO,-14.08916666,-46.36638888
INMET_N_TO_A018_PEIXE_01-01-2024_A_31-12-2024.CSV,PEIXE,TO,-12.01527777,-48.54444444
INMET_NE_PE_A370_SALGUEIRO_01-01-2024_A_31-12-2024.CSV,SALGUEIRO,PE,-8.05805555,-39.0961111
INMET_CO_MT_A920_JUINA_01-01-2024_A_31-12-2024.CSV,JUINA,MT,-11.37499999,-58.77472221
INMET_N_PA_A209_MEDICILANDIA_01-01-2024_A_31-12-2024.CSV,MEDICILANDIA,PA,-3.51083333,-52.96333333
INMET_S_RS_A827_BAGE_01-01-2024_A_31-12-2024.CSV,BAGE,RS,-31.34777777,-54.01333333
INMET_NE_BA_A405_CARAVELAS_01-01-2024_A_31-12-2024.CSV,CARAVELAS,BA,-17.73944444,-39.25861111
INMET_SE_RJ_A604_CAMBUCI_01-01-2024_A_31-12-2024.CSV,CAMBUCI,RJ,-21.58749999,-41.95833333
INMET_SE_SP_A769_CACHOEIRA PAULISTA_01-01-2024_A_31-12-2024.CSV,CACHOEIRA PAULISTA,SP,-22.68888888,-45.00555555
INMET_SE_SP_A764_BEBEDOURO_01-01-2024_A_31-12-2024.CSV,BEBEDOURO,SP,-20.94805555,-48.47138888
INMET_SE_ES_A617_ALEGRE_01-01-2024_A_31-12-2024.CSV,ALEGRE,ES,-20.75055555,-41.48888888
INMET_CO_MT_A905_CAMPO NOVO DOS PARECIS_01-01-2024_A_31-12-2024.CSV,CAMPO NOVO DOS PARECIS,MT,-13.78583333,-57.8386111
INMET_N_TO_A039_FORMOSO DO ARAGUAIA_01-01-2024_A_31-12-2024.CSV,FORMOSO DO ARAGUAIA,TO,-11.88749999,-49.60833333
INMET_N_PA_A250_SANTAREM_01-01-2024_A_31-12-2024.CSV,SANTAREM,PA,-2.5025,-54.72027777
INMET_CO_MT_A926_CARLINDA_01-01-2024_A_31-12-2024.CSV,CARLINDA,MT,-9.97055554,-55.82749999
INMET_N_TO_A019_GURUPI_01-01-2024_A_31-12-2024.CSV,GURUPI,TO,-11.74499999,-49.05166666
INMET_NE_BA_A456_SALVADOR (RADIO FAROL)_01-01-2024_A_31-12-2024.CSV,SALVADOR (RADIO FAROL),BA,-12.80833333,-38.49583333
INMET_CO_MT_A929_NOVA UBIRATA_01-01-2024_A_31-12-2024.CSV,NOVA UBIRATA,MT,-13.41111111,-54.75222222
INMET_CO_MT_A913_COMODORO_01-01-2024_A_31-12-2024.CSV,COMODORO,MT,-13.70805555,-59.7625
INMET_CO_DF_A001_BRASILIA_01-01-2024_A_31-12-2024.CSV,BRASILIA,DF,-15.78944444,-47.92583332
INMET_SE_MG_A530_CALDAS_01-01-2024_A_31-12-2024.CSV,CALDAS,MG,-21.918066,-46.382996
INMET_CO_MS_A759_BATAGUASSU_01-01-2024_A_31-12-2024.CSV,BATAGUASSU,MS,-21.75,-52.47138888
INMET_N_TO_A041_MARIANOPOLIS DO TO_01-01-2024_A_31-12-2024.CSV,MARIANOPOLIS DO TO,TO,-9.57638888,-49.72333332
INMET_SE_MG_A553_JOAO PINHEIRO_01-01-2024_A_31-12-2024.CSV,JOAO PINHEIRO,MG,-17.78444444,-46.11944443
INMET_S_RS_A886_TUPANCIRETA_01-01-2024_A_31-12-2024.CSV,TUPANCIRETA,RS,-29.08944444,-53.82666666
INMET_NE_PI_A363_VALENCA DO PIAUI_01-01-2024_A_31-12-2024.CSV,VALENCA DO PIAUI,PI,-6.4236111,-41.74888888
INMET_NE_MA_A203_SAO LUIS_01-01-2024_A_31-12-2024.CSV,SAO LUIS,MA,-2.52666666,-44.21361111
INMET_N_PA_A245_PORTO DE MOZ_01-01-2024_A_31-12-2024.CSV,PORTO DE MOZ,PA,-1.82194443,-52.11166666
INMET_CO_MS_A717_NHUMIRIM_01-01-2024_A_31-12-2024.CSV,NHUMIRIM,MS,-18.9886111,-56.62277777
INMET_SE_MG_A538_CURVELO_01-01-2024_A_31-12-2024.CSV,CURVELO,MG,-18.74777777,-44.45388888
INMET_NE_PE_A329_CABROBO_01-01-2024_A_31-12-2024.CSV,CABROBO,PE,-8.50388888,-39.31527777
INMET_CO_GO_A015_ITAPACI_01-01-2024_A_31-12-2024.CSV,ITAPACI,GO,-14.97972221,-49.53944444
INMET_CO_MS_A730_CHAPADAO DO SUL_01-01-2024_A_31-12-2024.CSV,CHAPADAO DO SUL,MS,-18.80222222,-52.6025
INMET_CO_MT_A916_QUERENCIA_01-01-2024_A_31-12-2024.CSV,QUERENCIA,MT,-12.60305555,-52.1625
INMET_SE_MG_A532_GOVERNADOR VALADARES_01-01-2024_A_31-12-2024.CSV,GOVERNADOR VALADARES,MG,-18.830354,-41.977007
INMET_S_PR_A875_GENERAL CARNEIRO_01-01-2024_A_31-12-2024.CSV,GENERAL CARNEIRO,PR,-26.3986111,-51.35361111
INMET_NE_MA_A222_COLINAS_01-01-2024_A_31-12-2024.CSV,COLINAS,MA,-6.03305554,-44.23333333
INMET_SE_MG_A571_PARACATU_01-01-2024_A_31-12-2024.CSV,PARACATU,MG,-17.24444444,-46.88166666
INMET_CO_MS_A702_CAMPO GRANDE_01-01-2024_A_31-12-2024.CSV,CAMPO GRANDE,MS,-20.44722221,-54.72249999
INMET_S_PR_A835_MARINGA_01-01-2024_A_31-12-2024.CSV,MARINGA,PR,-23.40527777,-51.93277777
INMET_S_RS_A897_CAMBARA DO SUL_01-01-2024_A_31-12-2024.CSV,CAMBARA DO SUL,RS,-29.04916666,-50.14972221
INMET_CO_GO_A011_SAO SIMAO_01-01-2024_A_31-12-2024.CSV,SAO SIMAO,GO,-18.96916666,-50.63333333
INMET_SE_ES_A657_AFONSO CLAUDIO_01-01-2024_A_31-12-2024.CSV,AFONSO CLAUDIO,ES,-20.10416666,-41.10694444
INMET_NE_BA_A437_UNA_01-01-2024_A_31-12-2024.CSV,UNA,BA,-15.28027777,-39.09138888
INMET_NE_BA_A441_SERRINHA_01-01-2024_A_31-12-2024.CSV,SERRINHA,BA,-11.66472222,-39.02305554
INMET_CO_MS_A732_SAO GABRIEL DO OESTE_01-01-2024_A_31-12-2024.CSV,SAO GABRIEL DO OESTE,MS,-19.42027777,-54.55305555
INMET_S_PR_A874_SAO MATEUS DO SUL_01-01-2024_A_31-12-2024.CSV,SAO MATEUS DO SUL,PR,-25.83555555,-50.36888888
INMET_S_RS_A839_PASSO FUNDO_01-01-2024_A_31-12-2024.CSV,PASSO FUNDO,RS,-28.22666666,-52.40361111
INMET_SE_SP_A701_SAO PAULO - MIRANTE_01-01-2024_A_31-12-2024.CSV,SAO PAULO - MIRANTE,SP,-23.49638888,-46.61999999
INMET_NE_MA_A219_TURIACU_01-01-2024_A_31-12-2024.CSV,TURIACU,MA,-1.66111111,-45.37249999
INMET_CO_MT_A936_SALTO DO CEU_01-01-2024_A_31-12-2024.CSV,SALTO DO CEU,MT,-15.12472221,-58.12722221
INMET_NE_RN_A318_MOSSORO_01-01-2024_A_31-12-2024.CSV,MOSSORO,RN,-4.90416666,-37.36694443
INMET_SE_SP_A734_VALPARAISO_01-01-2024_A_31-12-2024.CSV,VALPARAISO,SP,-21.31916666,-50.93027777
INMET_S_RS_A826_ALEGRETE_01-01-2024_A_31-12-2024.CSV,ALEGRETE,RS,-29.70916666,-55.52555554
INMET_S_PR_A819_CASTRO_01-01-2024_A_31-12-2024.CSV,CASTRO,PR,-24.77999999,-50.04638888
INMET_S_RS_A810_SANTA ROSA_01-01-2024_A_31-12-2024.CSV,SANTA ROSA,RS,-27.89055555,-54.47999999
INMET_CO_GO_A005_PORANGATU_01-01-2024_A_31-12-2024.CSV,PORANGATU,GO,-13.30944444,-49.11749999
INMET_N_PA_A248_CAPITAO POCO_01-01-2024_A_31-12-2024.CSV,CAPITAO POCO,PA,-1.73472221,-47.0575
INMET_S_RS_A884_CAMPO BOM_01-01-2024_A_31-12-2024.CSV,CAMPO BOM,RS,-29.674293,-51.064042
INMET_SE_RJ_A624_NOVA FRIBURGO - SALINAS_01-01-2024_A_31-12-2024.CSV,NOVA FRIBURGO - SALINAS,RJ,-22.33472221,-42.67694443
INMET_NE_PB_A320_JOAO PESSOA_01-01-2024_A_31-12-2024.CSV,JOAO PESSOA,PB,-7.16527777,-34.81555555
INMET_NE_PI_A331_SAO JOAO DO PIAUI_01-01-2024_A_31-12-2024.CSV,SAO JOAO DO PIAUI,PI,-8.36444444,-42.2525
INMET_N_AM_A128_BARCELOS_01-01-2024_A_31-12-2024.CSV,BARCELOS,AM,-.98722221,-62.92416666
INMET_N_TO_A050_RIO SONO_01-01-2024_A_31-12-2024.CSV,RIO SONO,TO,-9.793363,-47.132732
INMET_SE_RJ_A603_DUQUE DE CAXIAS - XEREM_01-01-2024_A_31-12-2024.CSV,DUQUE DE CAXIAS - XEREM,RJ,-22.58972221,-43.28222221
